Package,Controller,JavaMethod,HttpMethod,Path
"com.ecommerce.app","ProbeController","postProbe","POST","/admin-customer/item-return"
"com.ecommerce.app","ProbeController","postProbe","POST","/admin-customer/statuschange"
"com.ecommerce.app","ProbeController","postProbe","POST","/admin-vendor-payout-methods/delete/7"
"com.ecommerce.app","ProbeController","postProbe","POST","/admin-vendor-payout-methods/save"
"com.ecommerce.app","ProbeController","postProbe","POST","/admin/ads/delete/7"
"com.ecommerce.app","ProbeController","postProbe","POST","/admin/ads/save"
"com.ecommerce.app","ProbeController","postProbe","POST","/admin/communication/providers/save"
"com.ecommerce.app","ProbeController","postProbe","POST","/admin/fraud/probe"
"com.ecommerce.app","ProbeController","postProbe","POST","/admin/promotions/fraud-flags/7/review"
"com.ecommerce.app","ProbeController","postProbe","POST","/admin/promotions/order-incentives/7/reverse"
"com.ecommerce.app","ProbeController","postProbe","POST","/admin/settings/probe"
"com.ecommerce.app","ProbeController","postProbe","POST","/adminvendor/delete/vendor-uuid"
"com.ecommerce.app","ProbeController","postProbe","POST","/adminvendor/save"
"com.ecommerce.app","ProbeController","postProbe","POST","/adminvendor/update"
"com.ecommerce.app","ProbeController","postProbe","POST","/adminvendorusers/role_save"
"com.ecommerce.app","ProbeController","postProbe","POST","/cart/updateQuantity"
"com.ecommerce.app","ProbeController","postProbe","POST","/cart_address/add_billing_address"
"com.ecommerce.app","ProbeController","postProbe","POST","/carts/updateShippingOption"
"com.ecommerce.app","ProbeController","postProbe","POST","/cashback-policy/delete/7"
"com.ecommerce.app","ProbeController","postProbe","POST","/cashback-policy/save"
"com.ecommerce.app","ProbeController","postProbe","POST","/cashoutrequest/7/approve"
"com.ecommerce.app","ProbeController","postProbe","POST","/cashoutrequest/7/mark-paid"
"com.ecommerce.app","ProbeController","postProbe","POST","/cashoutrequest/7/reject"
"com.ecommerce.app","ProbeController","postProbe","POST","/catalog-attributes/category-mappings/delete/mapping-uuid"
"com.ecommerce.app","ProbeController","postProbe","POST","/catalog-attributes/category-mappings/save"
"com.ecommerce.app","ProbeController","postProbe","POST","/catalog-attributes/delete/attribute-uuid"
"com.ecommerce.app","ProbeController","postProbe","POST","/catalog-attributes/options/delete/option-uuid"
"com.ecommerce.app","ProbeController","postProbe","POST","/catalog-attributes/options/save"
"com.ecommerce.app","ProbeController","postProbe","POST","/catalog-attributes/save"
"com.ecommerce.app","ProbeController","postProbe","POST","/changepassword/update"
"com.ecommerce.app","ProbeController","postProbe","POST","/checkout/customer/mobile/send-otp"
"com.ecommerce.app","ProbeController","postProbe","POST","/checkout/guest/mobile/send-otp"
"com.ecommerce.app","ProbeController","postProbe","POST","/coupon/delete/7"
"com.ecommerce.app","ProbeController","postProbe","POST","/coupon/save"
"com.ecommerce.app","ProbeController","postProbe","POST","/customer-giftcard/buy"
"com.ecommerce.app","ProbeController","postProbe","POST","/customer-giftcard/payment/card-uuid"
"com.ecommerce.app","ProbeController","postProbe","POST","/customer-profile/update"
"com.ecommerce.app","ProbeController","postProbe","POST","/customer/save"
"com.ecommerce.app","ProbeController","postProbe","POST","/customer_registration/customer_registration_save"
"com.ecommerce.app","ProbeController","postProbe","POST","/customerorder/request-item-return"
"com.ecommerce.app","ProbeController","postProbe","POST","/customerorder/statuschange"
"com.ecommerce.app","ProbeController","postProbe","POST","/customerprofileimage/save"
"com.ecommerce.app","ProbeController","postProbe","POST","/customerredeem/save"
"com.ecommerce.app","ProbeController","publicGetProbe","GET","/customerregister/register"
"com.ecommerce.app","ProbeController","postProbe","POST","/customerregister/register"
"com.ecommerce.app","ProbeController","postProbe","POST","/customerwallet/wallet/cashout"
"com.ecommerce.app","ProbeController","postProbe","POST","/customerwallet/wallet/generate-giftcard"
"com.ecommerce.app","ProbeController","postProbe","POST","/district/save-district"
"com.ecommerce.app","ProbeController","postProbe","POST","/district/select"
"com.ecommerce.app","ProbeController","postProbe","POST","/forgotpassword/reset"
"com.ecommerce.app","ProbeController","postProbe","POST","/forgotpassword/showemail"
"com.ecommerce.app","ProbeController","postProbe","POST","/giftcard/delete/7"
"com.ecommerce.app","ProbeController","postProbe","POST","/giftcard/save"
"com.ecommerce.app","ProbeController","postProbe","POST","/lavelratesettings/delete/7"
"com.ecommerce.app","ProbeController","postProbe","POST","/lavelratesettings/save"
"com.ecommerce.app","ProbeController","publicGetProbe","GET","/llms.txt"
"com.ecommerce.app","ProbeController","publicGetProbe","GET","/maintenance"
"com.ecommerce.app","ProbeController","postProbe","POST","/manufacturer/delete/7"
"com.ecommerce.app","ProbeController","postProbe","POST","/manufacturer/save"
"com.ecommerce.app","ProbeController","postProbe","POST","/order/savebyvendor"
"com.ecommerce.app","ProbeController","postProbe","POST","/payment/meritten-emi/provider/callback/7"
"com.ecommerce.app","ProbeController","postProbe","POST","/product/delete/7"
"com.ecommerce.app","ProbeController","postProbe","POST","/productcategory/delete/7"
"com.ecommerce.app","ProbeController","postProbe","POST","/productcategory/save"
"com.ecommerce.app","ProbeController","postProbe","POST","/productimage/upload"
"com.ecommerce.app","ProbeController","postProbe","POST","/productvendor/delete/7"
"com.ecommerce.app","ProbeController","postProbe","POST","/productvendor/save"
"com.ecommerce.app","ProbeController","postProbe","POST","/public/home-contact-save"
"com.ecommerce.app","ProbeController","postProbe","POST","/referral/delete/7"
"com.ecommerce.app","ProbeController","publicGetProbe","GET","/register"
"com.ecommerce.app","ProbeController","postProbe","POST","/register"
"com.ecommerce.app","ProbeController","postProbe","POST","/reward-redemption"
"com.ecommerce.app","ProbeController","publicGetProbe","GET","/robots.txt"
"com.ecommerce.app","ProbeController","postProbe","POST","/role/probe"
"com.ecommerce.app","ProbeController","publicGetProbe","GET","/sitemap.xml"
"com.ecommerce.app","ProbeController","postProbe","POST","/uom/delete/7"
"com.ecommerce.app","ProbeController","postProbe","POST","/uom/save"
"com.ecommerce.app","ProbeController","postProbe","POST","/users/change-password/7"
"com.ecommerce.app","ProbeController","postProbe","POST","/users/delete/7"
"com.ecommerce.app","ProbeController","postProbe","POST","/users/frontRegistrationSave"
"com.ecommerce.app","ProbeController","postProbe","POST","/users/generate-referral-code/7"
"com.ecommerce.app","ProbeController","postProbe","POST","/users/save"
"com.ecommerce.app","ProbeController","postProbe","POST","/vendor-order/item-return"
"com.ecommerce.app","ProbeController","postProbe","POST","/vendor-order/statuschange"
"com.ecommerce.app","ProbeController","postProbe","POST","/vendor-order/update-charges"
"com.ecommerce.app","ProbeController","postProbe","POST","/vendor-payout-methods/delete/7"
"com.ecommerce.app","ProbeController","postProbe","POST","/vendor-payout-methods/save"
"com.ecommerce.app","ProbeController","postProbe","POST","/vendor-payout/save"
"com.ecommerce.app","ProbeController","postProbe","POST","/vendor-users/delete/7"
"com.ecommerce.app","ProbeController","postProbe","POST","/vendor-users/roles/delete/7"
"com.ecommerce.app","ProbeController","postProbe","POST","/vendor-users/roles/save"
"com.ecommerce.app","ProbeController","postProbe","POST","/vendor-users/save"
"com.ecommerce.app","ProbeController","postProbe","POST","/vendor_productimage/upload"
"com.ecommerce.app","ProbeController","postProbe","POST","/vendorlogo/save"
"com.ecommerce.app","ProbeController","postProbe","POST","/vendorprofile/save"
"com.ecommerce.app","ProbeController","postProbe","POST","/vendorverifications/emailverification"
"com.ecommerce.app","ProbeController","postProbe","POST","/vendorverifications/mobile-verification-otp-send"
"com.ecommerce.app","ProbeController","postProbe","POST","/vendorverifications/verify-email"
"com.ecommerce.app","ProbeController","postProbe","POST","/vendorverifications/verify-mobile"
"com.ecommerce.app","ProbeController","postProbe","POST","/wallet/delete/7"
"com.ecommerce.app","ProbeController","postProbe","POST","/wallet/top-up"
"com.ecommerce.app.admin.controller","AdminController","page","GET","/admin"
"com.ecommerce.app.admin.controller","AdminController","page","GET","/admin/"
"com.ecommerce.app.admin.controller","AdminController","page","GET","/admin/index"
"com.ecommerce.app.admin.controller","AdminController","refunds","GET","/admin/refunds"
"com.ecommerce.app.admin.controller","AdminController","returnsRefunds","GET","/admin/return-refund"
"com.ecommerce.app.admin.controller","AdminController","returnsRefunds","GET","/admin/return-refunds"
"com.ecommerce.app.admin.controller","AdminController","returnsRefunds","GET","/admin/returns"
"com.ecommerce.app.admin.controller","AdminController","returnsRefunds","GET","/admin/returns-refunds"
"com.ecommerce.app.admincustomer.controller","AdminCustomerController","customerlist","GET","/admin-customer"
"com.ecommerce.app.admincustomer.controller","AdminCustomerController","customerlist","GET","/admin-customer/"
"com.ecommerce.app.admincustomer.controller","AdminCustomerController","customerlist","GET","/admin-customer/index"
"com.ecommerce.app.admincustomer.controller","AdminCustomerController","itemReturn","POST","/admin-customer/item-return"
"com.ecommerce.app.admincustomer.controller","AdminCustomerController","orderbycustomer","GET","/admin-customer/order-by-customer/{cid}"
"com.ecommerce.app.admincustomer.controller","AdminCustomerController","order_details","GET","/admin-customer/order-details/{oid}"
"com.ecommerce.app.admincustomer.controller","AdminCustomerController","orderlist","GET","/admin-customer/orderlist"
"com.ecommerce.app.admincustomer.controller","AdminCustomerController","orderPdf","GET","/admin-customer/orders/{id}/pdf"
"com.ecommerce.app.admincustomer.controller","AdminCustomerController","orderPdf","GET","/admin-customer/pdf/{id}"
"com.ecommerce.app.admincustomer.controller","AdminCustomerController","statusChange","POST","/admin-customer/statuschange"
"com.ecommerce.app.admincustomer.controller","AdminSalesItemController","index","GET","/admin/sales/items"
"com.ecommerce.app.adminvendor.controller","AdminFinanceReportController","dashboard","GET","/admin/finance/dashboard"
"com.ecommerce.app.adminvendor.controller","AdminFinanceReportController","refunds","GET","/admin/finance/refunds"
"com.ecommerce.app.adminvendor.controller","AdminFinanceReportController","returnsRefunds","GET","/admin/finance/return-refund"
"com.ecommerce.app.adminvendor.controller","AdminFinanceReportController","returnsRefunds","GET","/admin/finance/return-refunds"
"com.ecommerce.app.adminvendor.controller","AdminFinanceReportController","returnsRefunds","GET","/admin/finance/returns"
"com.ecommerce.app.adminvendor.controller","AdminFinanceReportController","returnsRefunds","GET","/admin/finance/returns-refunds"
"com.ecommerce.app.adminvendor.controller","AdminFinanceReportController","settlements","GET","/admin/finance/settlements"
"com.ecommerce.app.adminvendor.controller","AdminVendorController","index","GET","/adminvendor"
"com.ecommerce.app.adminvendor.controller","AdminVendorController","index","GET","/adminvendor/"
"com.ecommerce.app.adminvendor.controller","AdminVendorController","delete","POST","/adminvendor/delete/{uuid}"
"com.ecommerce.app.adminvendor.controller","AdminVendorController","edit","GET","/adminvendor/edit/{uuid}"
"com.ecommerce.app.adminvendor.controller","AdminVendorController","index","GET","/adminvendor/list"
"com.ecommerce.app.adminvendor.controller","AdminVendorController","save","POST","/adminvendor/save"
"com.ecommerce.app.adminvendor.controller","AdminVendorController","updateVendor","POST","/adminvendor/update"
"com.ecommerce.app.adminvendor.controller","AdminVendorController","view","GET","/adminvendor/view/{uuid}"
"com.ecommerce.app.adminvendor.controller","AdminVendorPayoutController","list","GET","/admin/payouts/list"
"com.ecommerce.app.adminvendor.controller","AdminVendorPayoutController","approvePayout","POST","/admin/payouts/process"
"com.ecommerce.app.adminvendor.controller","AdminVendorPayoutMethodController","list","GET","/admin-vendor-payout-methods"
"com.ecommerce.app.adminvendor.controller","AdminVendorPayoutMethodController","createForm","GET","/admin-vendor-payout-methods/create"
"com.ecommerce.app.adminvendor.controller","AdminVendorPayoutMethodController","delete","POST","/admin-vendor-payout-methods/delete/{id}"
"com.ecommerce.app.adminvendor.controller","AdminVendorPayoutMethodController","editForm","GET","/admin-vendor-payout-methods/edit/{id}"
"com.ecommerce.app.adminvendor.controller","AdminVendorPayoutMethodController","save","POST","/admin-vendor-payout-methods/save"
"com.ecommerce.app.adminvendor.controller","AdminVendorPayoutMethodController","view","GET","/admin-vendor-payout-methods/{id}"
"com.ecommerce.app.adminvendor.controller","AdminVendorUsersController","privilegeslistaddForm","GET","/adminvendorusers/privileges_add"
"com.ecommerce.app.adminvendor.controller","AdminVendorUsersController","privilegeslistdelete","POST","/adminvendorusers/privileges_delete/{id}"
"com.ecommerce.app.adminvendor.controller","AdminVendorUsersController","privilegeslisteditForm","GET","/adminvendorusers/privileges_edit/{id}"
"com.ecommerce.app.adminvendor.controller","AdminVendorUsersController","save","POST","/adminvendorusers/privileges_save"
"com.ecommerce.app.adminvendor.controller","AdminVendorUsersController","privilegeslist","GET","/adminvendorusers/privilegeslist"
"com.ecommerce.app.adminvendor.controller","AdminVendorUsersController","addForm","GET","/adminvendorusers/role_add"
"com.ecommerce.app.adminvendor.controller","AdminVendorUsersController","delete","POST","/adminvendorusers/role_delete/{id}"
"com.ecommerce.app.adminvendor.controller","AdminVendorUsersController","editForm","GET","/adminvendorusers/role_edit/{id}"
"com.ecommerce.app.adminvendor.controller","AdminVendorUsersController","save","POST","/adminvendorusers/role_save"
"com.ecommerce.app.adminvendor.controller","AdminVendorUsersController","list","GET","/adminvendorusers/rolelist"
"com.ecommerce.app.commission.controller","CommissionSettingsApiController","applicableRate","GET","/api/commission/applicable-rate"
"com.ecommerce.app.commission.controller","CommissionSettingsController","root","GET","/admin/commission-settings"
"com.ecommerce.app.commission.controller","CommissionSettingsController","rootWithSlash","GET","/admin/commission-settings/"
"com.ecommerce.app.commission.controller","CommissionSettingsController","activate","POST","/admin/commission-settings/activate/{id}"
"com.ecommerce.app.commission.controller","CommissionSettingsController","showCreateForm","GET","/admin/commission-settings/create"
"com.ecommerce.app.commission.controller","CommissionSettingsController","create","POST","/admin/commission-settings/create"
"com.ecommerce.app.commission.controller","CommissionSettingsController","deactivate","POST","/admin/commission-settings/deactivate/{id}"
"com.ecommerce.app.commission.controller","CommissionSettingsController","delete","POST","/admin/commission-settings/delete/{id}"
"com.ecommerce.app.commission.controller","CommissionSettingsController","showEditForm","GET","/admin/commission-settings/edit/{id}"
"com.ecommerce.app.commission.controller","CommissionSettingsController","update","POST","/admin/commission-settings/edit/{id}"
"com.ecommerce.app.commission.controller","CommissionSettingsController","list","GET","/admin/commission-settings/list"
"com.ecommerce.app.commission.controller","CommissionSettingsController","listByType","GET","/admin/commission-settings/list-by-type"
"com.ecommerce.app.commission.controller","CommissionSettingsController","view","GET","/admin/commission-settings/{id}"
"com.ecommerce.app.exception","ErrorControllerImpl","handleError","ALL","/error"
"com.ecommerce.app.exception","MyErrorController","access_denied","ALL","/access-denied"
"com.ecommerce.app.globalcontroller","ShippingLocationSelectionController","saveLocation","POST","/district/save-district"
"com.ecommerce.app.globalcontroller","ShippingLocationSelectionController","selectLocation","POST","/district/select"
"com.ecommerce.app.globalcontroller","ShippingLocationSelectionController","districtPage","GET","/district/select-district"
"com.ecommerce.app.globalcontroller","ShippingLocationSelectionController","thanas","GET","/district/thanas"
"com.ecommerce.app.module.ReferralRewards.controller","CashOutRequestController","list","GET","/admin/cashouts"
"com.ecommerce.app.module.ReferralRewards.controller","CashOutRequestController","list","GET","/admin/cashouts/"
"com.ecommerce.app.module.ReferralRewards.controller","CashOutRequestController","list","GET","/admin/cashouts/list"
"com.ecommerce.app.module.ReferralRewards.controller","CashOutRequestController","approve","POST","/admin/cashouts/{id}/approve"
"com.ecommerce.app.module.ReferralRewards.controller","CashOutRequestController","markPaid","POST","/admin/cashouts/{id}/mark-paid"
"com.ecommerce.app.module.ReferralRewards.controller","CashOutRequestController","reject","POST","/admin/cashouts/{id}/reject"
"com.ecommerce.app.module.ReferralRewards.controller","CashOutRequestController","list","GET","/cashoutrequest"
"com.ecommerce.app.module.ReferralRewards.controller","CashOutRequestController","list","GET","/cashoutrequest/"
"com.ecommerce.app.module.ReferralRewards.controller","CashOutRequestController","list","GET","/cashoutrequest/list"
"com.ecommerce.app.module.ReferralRewards.controller","CashOutRequestController","approve","POST","/cashoutrequest/{id}/approve"
"com.ecommerce.app.module.ReferralRewards.controller","CashOutRequestController","markPaid","POST","/cashoutrequest/{id}/mark-paid"
"com.ecommerce.app.module.ReferralRewards.controller","CashOutRequestController","reject","POST","/cashoutrequest/{id}/reject"
"com.ecommerce.app.module.ReferralRewards.controller","CashbackPolicyController","create","GET","/cashback-policy/create"
"com.ecommerce.app.module.ReferralRewards.controller","CashbackPolicyController","delete","POST","/cashback-policy/delete/{id}"
"com.ecommerce.app.module.ReferralRewards.controller","CashbackPolicyController","edit","GET","/cashback-policy/edit/{id}"
"com.ecommerce.app.module.ReferralRewards.controller","CashbackPolicyController","list","GET","/cashback-policy/list"
"com.ecommerce.app.module.ReferralRewards.controller","CashbackPolicyController","save","POST","/cashback-policy/save"
"com.ecommerce.app.module.ReferralRewards.controller","CashbackTransactionController","list","GET","/cashback/list"
"com.ecommerce.app.module.ReferralRewards.controller","CouponController","create","GET","/coupon/create"
"com.ecommerce.app.module.ReferralRewards.controller","CouponController","delete","POST","/coupon/delete/{id}"
"com.ecommerce.app.module.ReferralRewards.controller","CouponController","edit","GET","/coupon/edit/{id}"
"com.ecommerce.app.module.ReferralRewards.controller","CouponController","list","GET","/coupon/list"
"com.ecommerce.app.module.ReferralRewards.controller","CouponController","save","POST","/coupon/save"
"com.ecommerce.app.module.ReferralRewards.controller","CouponRedemptionController","list","GET","/coupon-redemption/list"
"com.ecommerce.app.module.ReferralRewards.controller","GiftCardController","create","GET","/giftcard/create"
"com.ecommerce.app.module.ReferralRewards.controller","GiftCardController","delete","POST","/giftcard/delete/{id}"
"com.ecommerce.app.module.ReferralRewards.controller","GiftCardController","edit","GET","/giftcard/edit/{id}"
"com.ecommerce.app.module.ReferralRewards.controller","GiftCardController","list","GET","/giftcard/list"
"com.ecommerce.app.module.ReferralRewards.controller","GiftCardController","save","POST","/giftcard/save"
"com.ecommerce.app.module.ReferralRewards.controller","GiftCardTransactionController","list","GET","/giftcard-transaction/list"
"com.ecommerce.app.module.ReferralRewards.controller","MultiLavelRateSettingsController","createForm","GET","/lavelratesettings/create"
"com.ecommerce.app.module.ReferralRewards.controller","MultiLavelRateSettingsController","delete","POST","/lavelratesettings/delete/{id}"
"com.ecommerce.app.module.ReferralRewards.controller","MultiLavelRateSettingsController","editForm","GET","/lavelratesettings/edit/{id}"
"com.ecommerce.app.module.ReferralRewards.controller","MultiLavelRateSettingsController","list","GET","/lavelratesettings/list"
"com.ecommerce.app.module.ReferralRewards.controller","MultiLavelRateSettingsController","save","POST","/lavelratesettings/save"
"com.ecommerce.app.module.ReferralRewards.controller","PromotionAdminController","fraudFlags","GET","/admin/promotions/fraud-flags"
"com.ecommerce.app.module.ReferralRewards.controller","PromotionAdminController","reviewFraudFlag","POST","/admin/promotions/fraud-flags/{id}/review"
"com.ecommerce.app.module.ReferralRewards.controller","PromotionAdminController","notifications","GET","/admin/promotions/notifications"
"com.ecommerce.app.module.ReferralRewards.controller","PromotionAdminController","orderIncentives","GET","/admin/promotions/order-incentives"
"com.ecommerce.app.module.ReferralRewards.controller","PromotionAdminController","reverseOrderIncentives","POST","/admin/promotions/order-incentives/{id}/reverse"
"com.ecommerce.app.module.ReferralRewards.controller","PromotionAdminController","reports","GET","/admin/promotions/reports"
"com.ecommerce.app.module.ReferralRewards.controller","ReferralController","delete","POST","/referral/delete/{id}"
"com.ecommerce.app.module.ReferralRewards.controller","ReferralController","list","GET","/referral/list"
"com.ecommerce.app.module.ReferralRewards.controller","ReferralRewardController","rewardList","GET","/referral-reward/referral-reward-list"
"com.ecommerce.app.module.ReferralRewards.controller","ReferralRewardController","rewardDashboard","GET","/referral-reward/reward-dashboard"
"com.ecommerce.app.module.ReferralRewards.controller","ReferralRewardController","getRewardHistory","GET","/referral-reward/rewards-history"
"com.ecommerce.app.module.ReferralRewards.controller","RegisterController","referralStats","GET","/admin/referrals"
"com.ecommerce.app.module.ReferralRewards.controller","RegisterController","showRegisterForm","GET","/register"
"com.ecommerce.app.module.ReferralRewards.controller","RegisterController","registerUser","POST","/register"
"com.ecommerce.app.module.ReferralRewards.controller","RegisterController","legacyEmailVerificationRedirect","GET","/verify"
"com.ecommerce.app.module.ReferralRewards.controller","RegisterController","wallet","GET","/wallet"
"com.ecommerce.app.module.ReferralRewards.controller","RegisterController","wallets","GET","/wallets"
"com.ecommerce.app.module.ReferralRewards.controller","RewardHistoryController","getRewardHistory","GET","/rewards"
"com.ecommerce.app.module.ReferralRewards.controller","RewardRedemptionController","redeemPoints","POST","/reward-redemption"
"com.ecommerce.app.module.ReferralRewards.controller","RewardRedemptionController","showRedeemList","GET","/reward-redemption/list"
"com.ecommerce.app.module.ReferralRewards.controller","RewardRedemptionController","rewardDashboard","GET","/reward-redemption/rewards"
"com.ecommerce.app.module.ReferralRewards.controller","WalletController","delete","POST","/wallet/delete/{id}"
"com.ecommerce.app.module.ReferralRewards.controller","WalletController","viewWallet","GET","/wallet/wallet"
"com.ecommerce.app.module.ReferralRewards.controller","WalletController","walletList","GET","/wallet/walletlist"
"com.ecommerce.app.module.ReferralRewards.controller","WalletTopUpController","showTopUpForm","GET","/wallet/top-up"
"com.ecommerce.app.module.ReferralRewards.controller","WalletTopUpController","processTopUp","POST","/wallet/top-up"
"com.ecommerce.app.module.ReferralRewards.controller","WalletTransactionController","list","GET","/wallettransaction/list"
"com.ecommerce.app.module.ads.controller","AdsController","createForm","GET","/admin/ads/create"
"com.ecommerce.app.module.ads.controller","AdsController","delete","POST","/admin/ads/delete/{id}"
"com.ecommerce.app.module.ads.controller","AdsController","editForm","GET","/admin/ads/edit/{id}"
"com.ecommerce.app.module.ads.controller","AdsController","listAds","GET","/admin/ads/list"
"com.ecommerce.app.module.ads.controller","AdsController","saveOrUpdate","POST","/admin/ads/save"
"com.ecommerce.app.module.blog.controller","AdminBlogController","index","GET","/admin/blog"
"com.ecommerce.app.module.blog.controller","AdminBlogController","approvalQueue","GET","/admin/blog/approval-queue"
"com.ecommerce.app.module.blog.controller","AdminBlogController","comments","GET","/admin/blog/comments"
"com.ecommerce.app.module.blog.controller","AdminBlogController","moderateComment","POST","/admin/blog/comments/{id}/moderate"
"com.ecommerce.app.module.blog.controller","AdminBlogController","exportPage","GET","/admin/blog/export"
"com.ecommerce.app.module.blog.controller","AdminBlogController","importPage","GET","/admin/blog/import"
"com.ecommerce.app.module.blog.controller","AdminBlogController","create","GET","/admin/blog/new"
"com.ecommerce.app.module.blog.controller","AdminBlogController","publishingQueue","GET","/admin/blog/publishing-queue"
"com.ecommerce.app.module.blog.controller","AdminBlogController","runPublishingQueue","POST","/admin/blog/publishing-queue/run"
"com.ecommerce.app.module.blog.controller","AdminBlogController","save","POST","/admin/blog/save"
"com.ecommerce.app.module.blog.controller","AdminBlogController","subscribers","GET","/admin/blog/subscribers"
"com.ecommerce.app.module.blog.controller","AdminBlogController","approve","POST","/admin/blog/{id}/approve"
"com.ecommerce.app.module.blog.controller","AdminBlogController","delete","POST","/admin/blog/{id}/delete"
"com.ecommerce.app.module.blog.controller","AdminBlogController","duplicate","POST","/admin/blog/{id}/duplicate"
"com.ecommerce.app.module.blog.controller","AdminBlogController","edit","GET","/admin/blog/{id}/edit"
"com.ecommerce.app.module.blog.controller","AdminBlogController","preview","GET","/admin/blog/{id}/preview"
"com.ecommerce.app.module.blog.controller","AdminBlogController","reject","POST","/admin/blog/{id}/reject"
"com.ecommerce.app.module.blog.controller","AdminBlogController","revisions","GET","/admin/blog/{id}/revisions"
"com.ecommerce.app.module.blog.controller","AdminBlogController","status","POST","/admin/blog/{id}/status"
"com.ecommerce.app.module.blog.controller","AdminBlogTaxonomyController","categories","GET","/admin/blog/categories"
"com.ecommerce.app.module.blog.controller","AdminBlogTaxonomyController","categoryCreate","GET","/admin/blog/categories/new"
"com.ecommerce.app.module.blog.controller","AdminBlogTaxonomyController","categorySave","POST","/admin/blog/categories/save"
"com.ecommerce.app.module.blog.controller","AdminBlogTaxonomyController","categoryEdit","GET","/admin/blog/categories/{id}/edit"
"com.ecommerce.app.module.blog.controller","AdminBlogTaxonomyController","series","GET","/admin/blog/series"
"com.ecommerce.app.module.blog.controller","AdminBlogTaxonomyController","seriesCreate","GET","/admin/blog/series/new"
"com.ecommerce.app.module.blog.controller","AdminBlogTaxonomyController","seriesSave","POST","/admin/blog/series/save"
"com.ecommerce.app.module.blog.controller","AdminBlogTaxonomyController","seriesEdit","GET","/admin/blog/series/{id}/edit"
"com.ecommerce.app.module.blog.controller","CustomerBlogController","index","GET","/customer/blog"
"com.ecommerce.app.module.blog.controller","CustomerBlogController","index","GET","/customer/blog/"
"com.ecommerce.app.module.blog.controller","CustomerBlogController","index","GET","/customer/blog/index"
"com.ecommerce.app.module.blog.controller","CustomerBlogController","myPosts","GET","/customer/blog/my-posts"
"com.ecommerce.app.module.blog.controller","CustomerBlogController","saved","GET","/customer/blog/saved"
"com.ecommerce.app.module.blog.controller","CustomerBlogController","write","GET","/customer/blog/write"
"com.ecommerce.app.module.blog.controller","CustomerBlogController","submit","POST","/customer/blog/write"
"com.ecommerce.app.module.blog.controller","CustomerBlogController","detail","GET","/customer/blog/{slug}"
"com.ecommerce.app.module.blog.controller","CustomerBlogController","bookmark","POST","/customer/blog/{slug}/bookmark"
"com.ecommerce.app.module.blog.controller","CustomerBlogController","removeBookmark","POST","/customer/blog/{slug}/bookmark/remove"
"com.ecommerce.app.module.blog.controller","CustomerBlogController","comment","POST","/customer/blog/{slug}/comments"
"com.ecommerce.app.module.blog.controller","PublicBlogController","landing","GET","/public/blog"
"com.ecommerce.app.module.blog.controller","PublicBlogController","category","GET","/public/blog/category/{slug}"
"com.ecommerce.app.module.blog.controller","PublicBlogController","search","GET","/public/blog/search"
"com.ecommerce.app.module.blog.controller","PublicBlogController","subscribe","POST","/public/blog/subscribe"
"com.ecommerce.app.module.blog.controller","PublicBlogController","tag","GET","/public/blog/tag/{slug}"
"com.ecommerce.app.module.blog.controller","PublicBlogController","detail","GET","/public/blog/{slug}"
"com.ecommerce.app.module.blog.controller","PublicBlogController","comment","POST","/public/blog/{slug}/comments"
"com.ecommerce.app.module.cart.controller","CartAddressController","addBillingAddress","POST","/cart_address/add_billing_address"
"com.ecommerce.app.module.cart.controller","CartAddressController","addShippingAddress","POST","/cart_address/add_shipping_address"
"com.ecommerce.app.module.cart.controller","CartAddressController","saveGuestDeliveryAddress","POST","/cart_address/guest_delivery_address"
"com.ecommerce.app.module.cart.controller","CartController","index","GET","/cart"
"com.ecommerce.app.module.cart.controller","CartController","index","GET","/cart/"
"com.ecommerce.app.module.cart.controller","CartController","addItem","POST","/cart/add"
"com.ecommerce.app.module.cart.controller","CartController","checkout","GET","/cart/checkout"
"com.ecommerce.app.module.cart.controller","CartController","checkoutAvailability","GET","/cart/checkout/availability"
"com.ecommerce.app.module.cart.controller","CartController","previewCheckoutIncentives","POST","/cart/checkout/incentives/preview"
"com.ecommerce.app.module.cart.controller","CartController","getCartCount","GET","/cart/count"
"com.ecommerce.app.module.cart.controller","CartController","index","GET","/cart/index"
"com.ecommerce.app.module.cart.controller","CartController","payment","GET","/cart/payment"
"com.ecommerce.app.module.cart.controller","CartController","shipping","GET","/cart/shipping"
"com.ecommerce.app.module.cart.controller","CartController","updatePackagingVendorTotals","POST","/cart/updatePackaging/{vendorId}"
"com.ecommerce.app.module.cart.controller","CartController","updateShippingVendorTotals","POST","/cart/updateshipping/{vendorId}"
"com.ecommerce.app.module.cart.controller","CartsController","getCart","GET","/carts/api"
"com.ecommerce.app.module.cart.controller","CartsController","removeItem","POST","/carts/removeitem"
"com.ecommerce.app.module.cart.controller","CartsController","updatePackagingRate","POST","/carts/updatePackagingRate"
"com.ecommerce.app.module.cart.controller","CartsController","updateQuantity","POST","/carts/updateQuantity"
"com.ecommerce.app.module.cart.controller","CartsController","updateShippingOption","POST","/carts/updateShippingOption"
"com.ecommerce.app.module.checkout.customer.controller","CustomerCodMobileVerificationController","resendOtp","POST","/checkout/customer/mobile/resend-otp"
"com.ecommerce.app.module.checkout.customer.controller","CustomerCodMobileVerificationController","sendOtp","POST","/checkout/customer/mobile/send-otp"
"com.ecommerce.app.module.checkout.customer.controller","CustomerCodMobileVerificationController","status","GET","/checkout/customer/mobile/status"
"com.ecommerce.app.module.checkout.customer.controller","CustomerCodMobileVerificationController","verifyOtp","POST","/checkout/customer/mobile/verify-otp"
"com.ecommerce.app.module.checkout.guest.controller","GuestCheckoutMobileController","changeMobile","POST","/checkout/guest/mobile/change-mobile"
"com.ecommerce.app.module.checkout.guest.controller","GuestCheckoutMobileController","resendOtp","POST","/checkout/guest/mobile/resend-otp"
"com.ecommerce.app.module.checkout.guest.controller","GuestCheckoutMobileController","sendOtp","POST","/checkout/guest/mobile/send-otp"
"com.ecommerce.app.module.checkout.guest.controller","GuestCheckoutMobileController","verifyOtp","POST","/checkout/guest/mobile/verify-otp"
"com.ecommerce.app.module.communication.controller","CommunicationAdminController","index","GET","/admin/communication"
"com.ecommerce.app.module.communication.controller","CommunicationAdminController","jobs","GET","/admin/communication/jobs"
"com.ecommerce.app.module.communication.controller","CommunicationAdminController","logs","GET","/admin/communication/logs"
"com.ecommerce.app.module.communication.controller","CommunicationAdminController","providers","GET","/admin/communication/providers"
"com.ecommerce.app.module.communication.controller","CommunicationAdminController","createProvider","GET","/admin/communication/providers/new"
"com.ecommerce.app.module.communication.controller","CommunicationAdminController","saveProvider","POST","/admin/communication/providers/save"
"com.ecommerce.app.module.communication.controller","CommunicationAdminController","deleteProvider","POST","/admin/communication/providers/{id}/delete"
"com.ecommerce.app.module.communication.controller","CommunicationAdminController","editProvider","GET","/admin/communication/providers/{id}/edit"
"com.ecommerce.app.module.communication.controller","CommunicationAdminController","routingRules","GET","/admin/communication/routing-rules"
"com.ecommerce.app.module.communication.controller","CommunicationAdminController","createRoutingRule","GET","/admin/communication/routing-rules/new"
"com.ecommerce.app.module.communication.controller","CommunicationAdminController","saveRoutingRule","POST","/admin/communication/routing-rules/save"
"com.ecommerce.app.module.communication.controller","CommunicationAdminController","deleteRoutingRule","POST","/admin/communication/routing-rules/{id}/delete"
"com.ecommerce.app.module.communication.controller","CommunicationAdminController","editRoutingRule","GET","/admin/communication/routing-rules/{id}/edit"
"com.ecommerce.app.module.communication.controller","CommunicationAdminController","settings","GET","/admin/communication/settings"
"com.ecommerce.app.module.communication.controller","CommunicationAdminController","saveSettings","POST","/admin/communication/settings/save"
"com.ecommerce.app.module.communication.controller","CommunicationAdminController","templates","GET","/admin/communication/templates"
"com.ecommerce.app.module.communication.controller","CommunicationAdminController","createTemplate","GET","/admin/communication/templates/new"
"com.ecommerce.app.module.communication.controller","CommunicationAdminController","saveTemplate","POST","/admin/communication/templates/save"
"com.ecommerce.app.module.communication.controller","CommunicationAdminController","deleteTemplate","POST","/admin/communication/templates/{id}/delete"
"com.ecommerce.app.module.communication.controller","CommunicationAdminController","editTemplate","GET","/admin/communication/templates/{id}/edit"
"com.ecommerce.app.module.communication.controller","CommunicationMessageReportController","messageHistory","GET","/admin/communication/messages"
"com.ecommerce.app.module.communication.controller","CommunicationMessageReportController","messageRecipients","GET","/admin/communication/messages/{messageId}/recipients"
"com.ecommerce.app.module.communication.controller","CommunicationMessageReportController","messageReport","GET","/admin/communication/messages/{messageId}/report"
"com.ecommerce.app.module.communication.controller","CommunicationNotificationController","adminNotifications","GET","/admin/notifications"
"com.ecommerce.app.module.communication.controller","CommunicationNotificationController","adminNotificationDetails","GET","/admin/notifications/{recipientId}"
"com.ecommerce.app.module.communication.controller","CommunicationNotificationController","customerNotifications","GET","/customer/notifications"
"com.ecommerce.app.module.communication.controller","CommunicationNotificationController","customerNotificationDetails","GET","/customer/notifications/{recipientId}"
"com.ecommerce.app.module.communication.controller","CommunicationNotificationController","vendorNotifications","GET","/vendor/notifications"
"com.ecommerce.app.module.communication.controller","CommunicationNotificationController","vendorNotificationDetails","GET","/vendor/notifications/{recipientId}"
"com.ecommerce.app.module.communication.controller","CommunicationPreferenceController","unsubscribe","GET","/public/communication/unsubscribe"
"com.ecommerce.app.module.communication.controller","ManualCommunicationAdminController","compose","GET","/admin/communication/manual/compose"
"com.ecommerce.app.module.communication.controller","ManualCommunicationAdminController","inbox","GET","/admin/communication/manual/inbox"
"com.ecommerce.app.module.communication.controller","ManualCommunicationAdminController","logs","GET","/admin/communication/manual/logs"
"com.ecommerce.app.module.communication.controller","ManualCommunicationAdminController","send","POST","/admin/communication/manual/send"
"com.ecommerce.app.module.communication.controller","ManualCommunicationAdminController","sent","GET","/admin/communication/manual/sent"
"com.ecommerce.app.module.communication.controller","ManualCommunicationCustomerController","compose","GET","/customer/communication/manual/compose"
"com.ecommerce.app.module.communication.controller","ManualCommunicationCustomerController","inbox","GET","/customer/communication/manual/inbox"
"com.ecommerce.app.module.communication.controller","ManualCommunicationCustomerController","send","POST","/customer/communication/manual/send"
"com.ecommerce.app.module.communication.controller","ManualCommunicationCustomerController","sent","GET","/customer/communication/manual/sent"
"com.ecommerce.app.module.communication.controller","ManualCommunicationVendorController","compose","GET","/vendor/communication/manual/compose"
"com.ecommerce.app.module.communication.controller","ManualCommunicationVendorController","inbox","GET","/vendor/communication/manual/inbox"
"com.ecommerce.app.module.communication.controller","ManualCommunicationVendorController","send","POST","/vendor/communication/manual/send"
"com.ecommerce.app.module.communication.controller","ManualCommunicationVendorController","sent","GET","/vendor/communication/manual/sent"
"com.ecommerce.app.module.customer.ReferralRewards.controller","CashOutRequestCustomerController","list","GET","/cashoutcustomerrequest/list"
"com.ecommerce.app.module.customer.ReferralRewards.controller","CustomerCashbackController","list","GET","/customer-cashback/list"
"com.ecommerce.app.module.customer.ReferralRewards.controller","CustomerGiftCardController","buyForm","GET","/customer-giftcard/buy"
"com.ecommerce.app.module.customer.ReferralRewards.controller","CustomerGiftCardController","createPurchase","POST","/customer-giftcard/buy"
"com.ecommerce.app.module.customer.ReferralRewards.controller","CustomerGiftCardController","list","GET","/customer-giftcard/list"
"com.ecommerce.app.module.customer.ReferralRewards.controller","CustomerGiftCardController","paymentForm","GET","/customer-giftcard/payment/{uuid}"
"com.ecommerce.app.module.customer.ReferralRewards.controller","CustomerGiftCardController","completePayment","POST","/customer-giftcard/payment/{uuid}"
"com.ecommerce.app.module.customer.ReferralRewards.controller","CustomerWalletTransactionController","list","GET","/customerwallettransaction/list"
"com.ecommerce.app.module.customer.ReferralRewards.controller","RedemptionCustomerController","showRedeemPage","GET","/customerredeem/redeem-points"
"com.ecommerce.app.module.customer.ReferralRewards.controller","RedemptionCustomerController","redeemPoints","POST","/customerredeem/save"
"com.ecommerce.app.module.customer.ReferralRewards.controller","ReferralCustomerController","list","GET","/customerreferral/list"
"com.ecommerce.app.module.customer.ReferralRewards.controller","ReferralRewardsController","deshbords","GET","/referralrewards/dashbords"
"com.ecommerce.app.module.customer.ReferralRewards.controller","RegisterCustomerController","referralStats","GET","/customerregister/admin/referrals"
"com.ecommerce.app.module.customer.ReferralRewards.controller","RegisterCustomerController","showRegisterForm","GET","/customerregister/register"
"com.ecommerce.app.module.customer.ReferralRewards.controller","RegisterCustomerController","registerUser","POST","/customerregister/register"
"com.ecommerce.app.module.customer.ReferralRewards.controller","RegisterCustomerController","legacyEmailVerificationRedirect","GET","/customerregister/verify"
"com.ecommerce.app.module.customer.ReferralRewards.controller","RegisterCustomerController","wallet","GET","/customerregister/wallet"
"com.ecommerce.app.module.customer.ReferralRewards.controller","RegisterCustomerController","wallets","GET","/customerregister/wallets"
"com.ecommerce.app.module.customer.ReferralRewards.controller","RewardCustomerControllerController","rewardDashboard","GET","/customerreward/rewards"
"com.ecommerce.app.module.customer.ReferralRewards.controller","RewardHistoryCustomerController","getRewardHistory","GET","/customerrewards/rewards"
"com.ecommerce.app.module.customer.ReferralRewards.controller","WalletCustomerController","viewWallet","GET","/customerwallet/wallet"
"com.ecommerce.app.module.customer.ReferralRewards.controller","WalletCustomerController","cashOutForm","GET","/customerwallet/wallet/cashout"
"com.ecommerce.app.module.customer.ReferralRewards.controller","WalletCustomerController","cashOutPoints","POST","/customerwallet/wallet/cashout"
"com.ecommerce.app.module.customer.ReferralRewards.controller","WalletCustomerController","generateGiftCard","POST","/customerwallet/wallet/generate-giftcard"
"com.ecommerce.app.module.customer.controller","BillingAddressController","index","GET","/customer-billingaddress"
"com.ecommerce.app.module.customer.controller","BillingAddressController","index","GET","/customer-billingaddress/"
"com.ecommerce.app.module.customer.controller","BillingAddressController","index","GET","/customer-billingaddress/dashboards"
"com.ecommerce.app.module.customer.controller","BillingAddressController","index","GET","/customer-billingaddress/index"
"com.ecommerce.app.module.customer.controller","CustomerBonusController","index","GET","/customer-bonus"
"com.ecommerce.app.module.customer.controller","CustomerBonusController","index","GET","/customer-bonus/"
"com.ecommerce.app.module.customer.controller","CustomerBonusController","index","GET","/customer-bonus/dashboards"
"com.ecommerce.app.module.customer.controller","CustomerBonusController","index","GET","/customer-bonus/index"
"com.ecommerce.app.module.customer.controller","CustomerController","index","GET","/customer"
"com.ecommerce.app.module.customer.controller","CustomerController","index","GET","/customer/"
"com.ecommerce.app.module.customer.controller","CustomerController","create","GET","/customer/create"
"com.ecommerce.app.module.customer.controller","CustomerController","index","GET","/customer/dashboards"
"com.ecommerce.app.module.customer.controller","CustomerController","index","GET","/customer/index"
"com.ecommerce.app.module.customer.controller","CustomerController","save","POST","/customer/save"
"com.ecommerce.app.module.customer.controller","CustomerController","storeList","GET","/customer/storelist"
"com.ecommerce.app.module.customer.controller","CustomerEmiController","index","GET","/customer-meritten-emi"
"com.ecommerce.app.module.customer.controller","CustomerEmiController","index","GET","/customer-meritten-emi/"
"com.ecommerce.app.module.customer.controller","CustomerEmiController","details","GET","/customer-meritten-emi/details/{planId}"
"com.ecommerce.app.module.customer.controller","CustomerEmiController","index","GET","/customer-meritten-emi/index"
"com.ecommerce.app.module.customer.controller","CustomerEmiController","index","GET","/customeremi"
"com.ecommerce.app.module.customer.controller","CustomerEmiController","index","GET","/customeremi/"
"com.ecommerce.app.module.customer.controller","CustomerEmiController","details","GET","/customeremi/details/{planId}"
"com.ecommerce.app.module.customer.controller","CustomerEmiController","index","GET","/customeremi/index"
"com.ecommerce.app.module.customer.controller","CustomerOrderController","index","GET","/customerorder"
"com.ecommerce.app.module.customer.controller","CustomerOrderController","index","GET","/customerorder/"
"com.ecommerce.app.module.customer.controller","CustomerOrderController","details","GET","/customerorder/details/{oid}"
"com.ecommerce.app.module.customer.controller","CustomerOrderController","index","GET","/customerorder/index"
"com.ecommerce.app.module.customer.controller","CustomerOrderController","orderPdf","GET","/customerorder/orders/{id}/pdf"
"com.ecommerce.app.module.customer.controller","CustomerOrderController","payment","GET","/customerorder/payment/{orderid}"
"com.ecommerce.app.module.customer.controller","CustomerOrderController","submitPayment","POST","/customerorder/payment/{orderid}"
"com.ecommerce.app.module.customer.controller","CustomerOrderController","paymentcancelled","GET","/customerorder/payment_cancelled/{orderid}"
"com.ecommerce.app.module.customer.controller","CustomerOrderController","paymentfailed","GET","/customerorder/payment_failed/{orderid}"
"com.ecommerce.app.module.customer.controller","CustomerOrderController","paymentsuccess","GET","/customerorder/payment_success/{orderid}"
"com.ecommerce.app.module.customer.controller","CustomerOrderController","refunds","GET","/customerorder/refunds"
"com.ecommerce.app.module.customer.controller","CustomerOrderController","requestItemReturn","POST","/customerorder/request-item-return"
"com.ecommerce.app.module.customer.controller","CustomerOrderController","returns","GET","/customerorder/returns"
"com.ecommerce.app.module.customer.controller","CustomerOrderController","statusChange","POST","/customerorder/statuschange"
"com.ecommerce.app.module.customer.controller","CustomerPaymentController","index","GET","/customer_payment/payment_method"
"com.ecommerce.app.module.customer.controller","CustomerProductController","index","GET","/customer-product"
"com.ecommerce.app.module.customer.controller","CustomerProductController","index","GET","/customer-product/"
"com.ecommerce.app.module.customer.controller","CustomerProductController","create","GET","/customer-product/details/{id}"
"com.ecommerce.app.module.customer.controller","CustomerProductController","index","GET","/customer-product/index"
"com.ecommerce.app.module.customer.controller","CustomerProductController","question_by_exam","GET","/customer-product/question-by-exam/{examid}"
"com.ecommerce.app.module.customer.controller","CustomerProfileController","index","GET","/customer-profile"
"com.ecommerce.app.module.customer.controller","CustomerProfileController","index","GET","/customer-profile/"
"com.ecommerce.app.module.customer.controller","CustomerProfileController","changePassword","POST","/customer-profile/change-password"
"com.ecommerce.app.module.customer.controller","CustomerProfileController","index","GET","/customer-profile/index"
"com.ecommerce.app.module.customer.controller","CustomerProfileController","updateAccount","POST","/customer-profile/update"
"com.ecommerce.app.module.customer.controller","CustomerProfileController","updateBillingAddress","POST","/customer-profile/update-billing"
"com.ecommerce.app.module.customer.controller","CustomerProfileImageController","add","GET","/customerprofileimage"
"com.ecommerce.app.module.customer.controller","CustomerProfileImageController","add","GET","/customerprofileimage/"
"com.ecommerce.app.module.customer.controller","CustomerProfileImageController","delete","POST","/customerprofileimage/delete/{id}"
"com.ecommerce.app.module.customer.controller","CustomerProfileImageController","add","GET","/customerprofileimage/index"
"com.ecommerce.app.module.customer.controller","CustomerProfileImageController","save","POST","/customerprofileimage/save"
"com.ecommerce.app.module.customer.controller","CustomerRegistrationController","registrationSave","POST","/customer_registration/customer_registration_save"
"com.ecommerce.app.module.customer.controller","CustomerRegistrationController","index","GET","/customer_registration/registration"
"com.ecommerce.app.module.customer.controller","CustomerTeamController","index","GET","/customer-team"
"com.ecommerce.app.module.customer.controller","CustomerTeamController","index","GET","/customer-team/"
"com.ecommerce.app.module.customer.controller","CustomerTeamController","index","GET","/customer-team/index"
"com.ecommerce.app.module.customer.controller","CustomerTransactionController","index","GET","/customer-transaction"
"com.ecommerce.app.module.customer.controller","CustomerTransactionController","index","GET","/customer-transaction/"
"com.ecommerce.app.module.customer.controller","CustomerTransactionController","index","GET","/customer-transaction/index"
"com.ecommerce.app.module.fraud.controller","FraudAdminController","dashboard","GET","/admin/fraud"
"com.ecommerce.app.module.fraud.controller","FraudAdminController","dashboard","GET","/admin/fraud/"
"com.ecommerce.app.module.fraud.controller","FraudAdminController","assessments","GET","/admin/fraud/assessments"
"com.ecommerce.app.module.fraud.controller","FraudAdminController","assessmentDetail","GET","/admin/fraud/assessments/{id}"
"com.ecommerce.app.module.fraud.controller","FraudAdminController","blockFromReview","POST","/admin/fraud/assessments/{id}/blocklist"
"com.ecommerce.app.module.fraud.controller","FraudAdminController","manualReview","GET","/admin/fraud/assessments/{id}/review"
"com.ecommerce.app.module.fraud.controller","FraudAdminController","submitReview","POST","/admin/fraud/assessments/{id}/review"
"com.ecommerce.app.module.fraud.controller","FraudAdminController","blocklist","GET","/admin/fraud/blocklist"
"com.ecommerce.app.module.fraud.controller","FraudAdminController","newBlocklist","GET","/admin/fraud/blocklist/new"
"com.ecommerce.app.module.fraud.controller","FraudAdminController","saveBlocklist","POST","/admin/fraud/blocklist/save"
"com.ecommerce.app.module.fraud.controller","FraudAdminController","updateBlocklistStatus","POST","/admin/fraud/blocklist/{id}/status"
"com.ecommerce.app.module.fraud.controller","FraudAdminController","cases","GET","/admin/fraud/cases"
"com.ecommerce.app.module.fraud.controller","FraudAdminController","caseDetail","GET","/admin/fraud/cases/{id}"
"com.ecommerce.app.module.fraud.controller","FraudAdminController","assignCase","POST","/admin/fraud/cases/{id}/assign"
"com.ecommerce.app.module.fraud.controller","FraudAdminController","resolveCase","POST","/admin/fraud/cases/{id}/resolve"
"com.ecommerce.app.module.fraud.controller","FraudAdminController","configuration","GET","/admin/fraud/configuration"
"com.ecommerce.app.module.fraud.controller","FraudAdminController","saveConfiguration","POST","/admin/fraud/configuration/save"
"com.ecommerce.app.module.fraud.controller","FraudAdminController","dashboard","GET","/admin/fraud/dashboard"
"com.ecommerce.app.module.fraud.controller","FraudAdminController","reports","GET","/admin/fraud/reports"
"com.ecommerce.app.module.fraud.controller","FraudAdminController","rules","GET","/admin/fraud/rules"
"com.ecommerce.app.module.fraud.controller","FraudAdminController","newRule","GET","/admin/fraud/rules/new"
"com.ecommerce.app.module.fraud.controller","FraudAdminController","saveRule","POST","/admin/fraud/rules/save"
"com.ecommerce.app.module.fraud.controller","FraudAdminController","editRule","GET","/admin/fraud/rules/{id}/edit"
"com.ecommerce.app.module.fraud.controller","FraudAdminController","updateRuleStatus","POST","/admin/fraud/rules/{id}/status"
"com.ecommerce.app.module.marketing.controller","AdminSocialShareReportController","report","GET","/admin/marketing/share-analytics"
"com.ecommerce.app.module.marketing.controller","PublicSocialShareTrackingController","track","POST","/public/share-track"
"com.ecommerce.app.module.order.controller","MerittenEmiProviderController","callback","POST","/payment/meritten-emi/provider/callback/{planId}"
"com.ecommerce.app.module.order.controller","SalesOrderController","index","GET","/order"
"com.ecommerce.app.module.order.controller","SalesOrderController","index","GET","/order/"
"com.ecommerce.app.module.order.controller","SalesOrderController","create","GET","/order/create"
"com.ecommerce.app.module.order.controller","SalesOrderController","index","GET","/order/index"
"com.ecommerce.app.module.order.controller","SalesOrderController","placed","GET","/order/placed"
"com.ecommerce.app.module.order.controller","SalesOrderController","savebyvendor","POST","/order/savebyvendor"
"com.ecommerce.app.module.order.controller","SalesOrderController","savebyvendorupdate","POST","/order/savebyvendorupdate"
"com.ecommerce.app.module.review.controller","CustomerProductReviewController","saveReview","POST","/customer-product-review/save"
"com.ecommerce.app.module.sales.dashboard.controller","AdminSalesDashboardController","dashboard","GET","/admin/sales/dashboard"
"com.ecommerce.app.module.sales.dashboard.controller","AdminSalesDashboardController","dashboardData","GET","/admin/sales/dashboard/data"
"com.ecommerce.app.module.sales.dashboard.controller","VendorSalesDashboardController","dashboard","GET","/vendor/sales/dashboard"
"com.ecommerce.app.module.sales.dashboard.controller","VendorSalesDashboardController","dashboardData","GET","/vendor/sales/dashboard/data"
"com.ecommerce.app.module.settings.controller","GlobalSettingsController","sectionPageFallback","GET","/admin/settings/basic"
"com.ecommerce.app.module.settings.controller","GlobalSettingsController","updateBasic","POST","/admin/settings/basic"
"com.ecommerce.app.module.settings.controller","GlobalSettingsController","sectionPageFallback","GET","/admin/settings/delivery"
"com.ecommerce.app.module.settings.controller","GlobalSettingsController","updateDelivery","POST","/admin/settings/delivery"
"com.ecommerce.app.module.settings.controller","GlobalSettingsController","sectionPageFallback","GET","/admin/settings/image"
"com.ecommerce.app.module.settings.controller","GlobalSettingsController","updateImage","POST","/admin/settings/image"
"com.ecommerce.app.module.settings.controller","GlobalSettingsController","deleteImage","POST","/admin/settings/images/delete"
"com.ecommerce.app.module.settings.controller","GlobalSettingsController","settingsPage","GET","/admin/settings/index"
"com.ecommerce.app.module.settings.controller","GlobalSettingsController","sectionPageFallback","GET","/admin/settings/maintenance"
"com.ecommerce.app.module.settings.controller","GlobalSettingsController","updateMaintenance","POST","/admin/settings/maintenance"
"com.ecommerce.app.module.settings.controller","GlobalSettingsController","sectionPageFallback","GET","/admin/settings/order"
"com.ecommerce.app.module.settings.controller","GlobalSettingsController","updateOrder","POST","/admin/settings/order"
"com.ecommerce.app.module.settings.controller","GlobalSettingsController","sectionPageFallback","GET","/admin/settings/payment"
"com.ecommerce.app.module.settings.controller","GlobalSettingsController","updatePayment","POST","/admin/settings/payment"
"com.ecommerce.app.module.settings.controller","GlobalSettingsController","sectionPageFallback","GET","/admin/settings/policy"
"com.ecommerce.app.module.settings.controller","GlobalSettingsController","updatePolicy","POST","/admin/settings/policy"
"com.ecommerce.app.module.settings.controller","GlobalSettingsController","sectionPageFallback","GET","/admin/settings/seo"
"com.ecommerce.app.module.settings.controller","GlobalSettingsController","updateSeo","POST","/admin/settings/seo"
"com.ecommerce.app.module.settings.controller","GlobalSettingsController","updateSeoOgImage","POST","/admin/settings/seo/og-image"
"com.ecommerce.app.module.settings.controller","GlobalSettingsController","sectionPageFallback","GET","/admin/settings/social"
"com.ecommerce.app.module.settings.controller","GlobalSettingsController","updateSocial","POST","/admin/settings/social"
"com.ecommerce.app.module.settings.controller","GlobalSettingsController","sectionPageFallback","GET","/admin/settings/store"
"com.ecommerce.app.module.settings.controller","GlobalSettingsController","updateStore","POST","/admin/settings/store"
"com.ecommerce.app.module.settings.controller","GlobalSettingsController","updatePageFallback","GET","/admin/settings/update"
"com.ecommerce.app.module.settings.controller","GlobalSettingsController","updateSettingsFallback","POST","/admin/settings/update"
"com.ecommerce.app.module.shipping.controller","AdminShippingController","newForm","GET","/admin/shipments/create"
"com.ecommerce.app.module.shipping.controller","AdminShippingController","delete","POST","/admin/shipments/delete/{id}"
"com.ecommerce.app.module.shipping.controller","AdminShippingController","editForm","GET","/admin/shipments/edit/{id}"
"com.ecommerce.app.module.shipping.controller","AdminShippingController","list","GET","/admin/shipments/list"
"com.ecommerce.app.module.shipping.controller","AdminShippingController","save","POST","/admin/shipments/save"
"com.ecommerce.app.module.shipping.controller","AdminShippingController","generateLabel","POST","/admin/shipments/{id}/generate-label"
"com.ecommerce.app.module.shipping.controller","CarrierController","delete","POST","/admin/carriers/delete/{uuid}"
"com.ecommerce.app.module.shipping.controller","CarrierController","editForm","GET","/admin/carriers/edit/{id}"
"com.ecommerce.app.module.shipping.controller","CarrierController","list","GET","/admin/carriers/list"
"com.ecommerce.app.module.shipping.controller","CarrierController","createForm","GET","/admin/carriers/new"
"com.ecommerce.app.module.shipping.controller","CarrierController","save","POST","/admin/carriers/save"
"com.ecommerce.app.module.shipping.controller","CarrierRateController","createForm","GET","/admin/carrier-rates/create"
"com.ecommerce.app.module.shipping.controller","CarrierRateController","delete","POST","/admin/carrier-rates/delete/{id}"
"com.ecommerce.app.module.shipping.controller","CarrierRateController","edit","GET","/admin/carrier-rates/edit/{id}"
"com.ecommerce.app.module.shipping.controller","CarrierRateController","list","GET","/admin/carrier-rates/list"
"com.ecommerce.app.module.shipping.controller","CarrierRateController","save","POST","/admin/carrier-rates/save"
"com.ecommerce.app.module.shipping.controller","CarrierRateSlabController","create","GET","/admin/carrier-rate-slabs/create"
"com.ecommerce.app.module.shipping.controller","CarrierRateSlabController","delete","POST","/admin/carrier-rate-slabs/delete/{id}"
"com.ecommerce.app.module.shipping.controller","CarrierRateSlabController","edit","GET","/admin/carrier-rate-slabs/edit/{id}"
"com.ecommerce.app.module.shipping.controller","CarrierRateSlabController","list","GET","/admin/carrier-rate-slabs/list"
"com.ecommerce.app.module.shipping.controller","CarrierRateSlabController","save","POST","/admin/carrier-rate-slabs/save"
"com.ecommerce.app.module.shipping.controller","DeliveryPersonController","list","GET","/delivery-person"
"com.ecommerce.app.module.shipping.controller","DeliveryPersonController","createForm","GET","/delivery-person/create"
"com.ecommerce.app.module.shipping.controller","DeliveryPersonController","delete","POST","/delivery-person/delete/{id}"
"com.ecommerce.app.module.shipping.controller","DeliveryPersonController","edit","GET","/delivery-person/edit/{id}"
"com.ecommerce.app.module.shipping.controller","DeliveryPersonController","save","POST","/delivery-person/save"
"com.ecommerce.app.module.shipping.controller","PackagingRateController","delete","POST","/packagingrates/delete/{id}"
"com.ecommerce.app.module.shipping.controller","PackagingRateController","edit","GET","/packagingrates/edit/{id}"
"com.ecommerce.app.module.shipping.controller","PackagingRateController","list","GET","/packagingrates/list"
"com.ecommerce.app.module.shipping.controller","PackagingRateController","showAddForm","GET","/packagingrates/new"
"com.ecommerce.app.module.shipping.controller","PackagingRateController","save","POST","/packagingrates/save"
"com.ecommerce.app.module.shipping.controller","PickupAddressController","create","GET","/admin/pickup-addresses/create"
"com.ecommerce.app.module.shipping.controller","PickupAddressController","delete","POST","/admin/pickup-addresses/delete/{id}"
"com.ecommerce.app.module.shipping.controller","PickupAddressController","edit","GET","/admin/pickup-addresses/edit/{id}"
"com.ecommerce.app.module.shipping.controller","PickupAddressController","list","GET","/admin/pickup-addresses/list"
"com.ecommerce.app.module.shipping.controller","PickupAddressController","save","POST","/admin/pickup-addresses/save"
"com.ecommerce.app.module.shipping.controller","ShippingDocumentController","invoices","GET","/admin/shipping-documents/invoices"
"com.ecommerce.app.module.shipping.controller","ShippingDocumentController","createInvoice","GET","/admin/shipping-documents/invoices/create"
"com.ecommerce.app.module.shipping.controller","ShippingDocumentController","deleteInvoice","POST","/admin/shipping-documents/invoices/delete/{id}"
"com.ecommerce.app.module.shipping.controller","ShippingDocumentController","saveInvoice","POST","/admin/shipping-documents/invoices/save"
"com.ecommerce.app.module.shipping.controller","ShippingDocumentController","labels","GET","/admin/shipping-documents/labels"
"com.ecommerce.app.module.shipping.controller","ShippingDocumentController","createLabel","GET","/admin/shipping-documents/labels/create"
"com.ecommerce.app.module.shipping.controller","ShippingDocumentController","deleteLabel","POST","/admin/shipping-documents/labels/delete/{id}"
"com.ecommerce.app.module.shipping.controller","ShippingDocumentController","saveLabel","POST","/admin/shipping-documents/labels/save"
"com.ecommerce.app.module.shipping.controller","ShippingDocumentController","manifests","GET","/admin/shipping-documents/manifests"
"com.ecommerce.app.module.shipping.controller","ShippingDocumentController","createManifest","GET","/admin/shipping-documents/manifests/create"
"com.ecommerce.app.module.shipping.controller","ShippingDocumentController","deleteManifest","POST","/admin/shipping-documents/manifests/delete/{id}"
"com.ecommerce.app.module.shipping.controller","ShippingDocumentController","saveManifest","POST","/admin/shipping-documents/manifests/save"
"com.ecommerce.app.module.shipping.controller","ShippingLocationController","create","GET","/admin/shipping-locations/create"
"com.ecommerce.app.module.shipping.controller","ShippingLocationController","delete","POST","/admin/shipping-locations/delete/{id}"
"com.ecommerce.app.module.shipping.controller","ShippingLocationController","edit","GET","/admin/shipping-locations/edit/{id}"
"com.ecommerce.app.module.shipping.controller","ShippingLocationController","list","GET","/admin/shipping-locations/list"
"com.ecommerce.app.module.shipping.controller","ShippingLocationController","save","POST","/admin/shipping-locations/save"
"com.ecommerce.app.module.shipping.controller","ShippingProfileController","createForm","GET","/admin/shipping-profiles/create"
"com.ecommerce.app.module.shipping.controller","ShippingProfileController","delete","POST","/admin/shipping-profiles/delete/{id}"
"com.ecommerce.app.module.shipping.controller","ShippingProfileController","editForm","GET","/admin/shipping-profiles/edit/{id}"
"com.ecommerce.app.module.shipping.controller","ShippingProfileController","list","GET","/admin/shipping-profiles/list"
"com.ecommerce.app.module.shipping.controller","ShippingProfileController","save","POST","/admin/shipping-profiles/save"
"com.ecommerce.app.module.shipping.controller","ShippingRuleController","create","GET","/admin/shipping-rules/create"
"com.ecommerce.app.module.shipping.controller","ShippingRuleController","delete","POST","/admin/shipping-rules/delete/{id}"
"com.ecommerce.app.module.shipping.controller","ShippingRuleController","edit","GET","/admin/shipping-rules/edit/{id}"
"com.ecommerce.app.module.shipping.controller","ShippingRuleController","list","GET","/admin/shipping-rules/list"
"com.ecommerce.app.module.shipping.controller","ShippingRuleController","save","POST","/admin/shipping-rules/save"
"com.ecommerce.app.module.shipping.controller","ShippingZoneController","create","GET","/admin/shipping-zones/create"
"com.ecommerce.app.module.shipping.controller","ShippingZoneController","delete","POST","/admin/shipping-zones/delete/{id}"
"com.ecommerce.app.module.shipping.controller","ShippingZoneController","edit","GET","/admin/shipping-zones/edit/{id}"
"com.ecommerce.app.module.shipping.controller","ShippingZoneController","list","GET","/admin/shipping-zones/list"
"com.ecommerce.app.module.shipping.controller","ShippingZoneController","save","POST","/admin/shipping-zones/save"
"com.ecommerce.app.module.system.controller","SystemEndpointController","systemIndex","GET","/admin/system"
"com.ecommerce.app.module.system.controller","SystemEndpointController","systemIndex","GET","/admin/system/"
"com.ecommerce.app.module.system.controller","SystemEndpointController","endpoints","GET","/admin/system/endpoints"
"com.ecommerce.app.module.system.controller","SystemEndpointController","seedBangladeshLocations","POST","/admin/system/seed/bangladesh-locations"
"com.ecommerce.app.module.system.controller","SystemEndpointController","seedPermissionCatalogueInfo","GET","/admin/system/seed/permission-catalogue"
"com.ecommerce.app.module.system.controller","SystemEndpointController","seedPermissionCatalogue","POST","/admin/system/seed/permission-catalogue"
"com.ecommerce.app.module.user.controller","ChangePasswordController","disabledLegacyPasswordPage","GET","/changepassword"
"com.ecommerce.app.module.user.controller","ChangePasswordController","disabledLegacyPasswordPage","GET","/changepassword/"
"com.ecommerce.app.module.user.controller","ChangePasswordController","disabledLegacyPasswordPage","GET","/changepassword/changepassword"
"com.ecommerce.app.module.user.controller","ChangePasswordController","disabledLegacyPasswordPage","GET","/changepassword/index"
"com.ecommerce.app.module.user.controller","ChangePasswordController","disabledLegacyPasswordUpdate","POST","/changepassword/update"
"com.ecommerce.app.module.user.controller","ForgotPasswordController","userforgotpassword","GET","/forgotpassword"
"com.ecommerce.app.module.user.controller","ForgotPasswordController","userforgotpassword","GET","/forgotpassword/"
"com.ecommerce.app.module.user.controller","ForgotPasswordController","userforgotpassword","GET","/forgotpassword/index"
"com.ecommerce.app.module.user.controller","ForgotPasswordController","resetPage","GET","/forgotpassword/reset"
"com.ecommerce.app.module.user.controller","ForgotPasswordController","resetPassword","POST","/forgotpassword/reset"
"com.ecommerce.app.module.user.controller","ForgotPasswordController","showemail","POST","/forgotpassword/showemail"
"com.ecommerce.app.module.user.controller","ForgotPasswordController","userforgotpassword","GET","/forgotpassword/userforgotpassword"
"com.ecommerce.app.module.user.controller","ModuleController","index","GET","/module"
"com.ecommerce.app.module.user.controller","ModuleController","index","GET","/module/"
"com.ecommerce.app.module.user.controller","ModuleController","delete","POST","/module/delete/{id}"
"com.ecommerce.app.module.user.controller","ModuleController","edit","GET","/module/edit/{id}"
"com.ecommerce.app.module.user.controller","ModuleController","index","GET","/module/index"
"com.ecommerce.app.module.user.controller","ModuleController","save","POST","/module/save"
"com.ecommerce.app.module.user.controller","PrivilegeController","index","GET","/privilege"
"com.ecommerce.app.module.user.controller","PrivilegeController","index","GET","/privilege/"
"com.ecommerce.app.module.user.controller","PrivilegeController","delete","POST","/privilege/delete/{id}"
"com.ecommerce.app.module.user.controller","PrivilegeController","edit","GET","/privilege/edit/{id}"
"com.ecommerce.app.module.user.controller","PrivilegeController","index","GET","/privilege/index"
"com.ecommerce.app.module.user.controller","PrivilegeController","save","POST","/privilege/save"
"com.ecommerce.app.module.user.controller","RoleController","index","GET","/role"
"com.ecommerce.app.module.user.controller","RoleController","index","GET","/role/"
"com.ecommerce.app.module.user.controller","RoleController","delete","POST","/role/delete/{id}"
"com.ecommerce.app.module.user.controller","RoleController","edit","GET","/role/edit/{id}"
"com.ecommerce.app.module.user.controller","RoleController","index","GET","/role/index"
"com.ecommerce.app.module.user.controller","RoleController","save","POST","/role/save"
"com.ecommerce.app.module.user.controller","UserDetailsController","page","GET","/userdetails"
"com.ecommerce.app.module.user.controller","UserDetailsController","page","GET","/userdetails/"
"com.ecommerce.app.module.user.controller","UserDetailsController","page","GET","/userdetails/index"
"com.ecommerce.app.module.user.controller","UsersController","index","GET","/users"
"com.ecommerce.app.module.user.controller","UsersController","index","GET","/users/"
"com.ecommerce.app.module.user.controller","UsersController","currentUserChangePassword","GET","/users/change-password"
"com.ecommerce.app.module.user.controller","UsersController","changePasswordForm","GET","/users/change-password/{id}"
"com.ecommerce.app.module.user.controller","UsersController","changePassword","POST","/users/change-password/{id}"
"com.ecommerce.app.module.user.controller","UsersController","delete","POST","/users/delete/{id}"
"com.ecommerce.app.module.user.controller","UsersController","deletewithexception","POST","/users/deletewithexception/{id}"
"com.ecommerce.app.module.user.controller","UsersController","details","GET","/users/detailsinfo/{id}"
"com.ecommerce.app.module.user.controller","UsersController","edit","GET","/users/edit/{id}"
"com.ecommerce.app.module.user.controller","UsersController","frontUserSave","POST","/users/frontRegistrationSave"
"com.ecommerce.app.module.user.controller","UsersController","generateReferralCode","POST","/users/generate-referral-code/{id}"
"com.ecommerce.app.module.user.controller","UsersController","index","GET","/users/index"
"com.ecommerce.app.module.user.controller","UsersController","login","GET","/users/login"
"com.ecommerce.app.module.user.controller","UsersController","loginHistory","GET","/users/login-history"
"com.ecommerce.app.module.user.controller","UsersController","userLoginHistory","GET","/users/login-history/{uid}"
"com.ecommerce.app.module.user.controller","UsersController","currentUserProfile","GET","/users/profile"
"com.ecommerce.app.module.user.controller","UsersController","registrations","GET","/users/registrations"
"com.ecommerce.app.module.user.controller","UsersController","save","POST","/users/save"
"com.ecommerce.app.module.user.controller","UsersController","uregistrations","GET","/users/uregistrations"
"com.ecommerce.app.module.user.controller","UsersController","usave","POST","/users/usave"
"com.ecommerce.app.module.user.controller","UsersController","userByStatus","GET","/users/userbystatus"
"com.ecommerce.app.module.user.controller","UsersController","view","GET","/users/view/{uid}"
"com.ecommerce.app.module.wishlist.controller","WishlistController","index","GET","/wishlist"
"com.ecommerce.app.module.wishlist.controller","WishlistController","index","GET","/wishlist/"
"com.ecommerce.app.module.wishlist.controller","WishlistController","add","POST","/wishlist/add"
"com.ecommerce.app.module.wishlist.controller","WishlistController","index","GET","/wishlist/index"
"com.ecommerce.app.module.wishlist.controller","WishlistController","remove","POST","/wishlist/remove"
"com.ecommerce.app.product.controller","AdminStockController","adjustForm","GET","/admin/stock/adjust"
"com.ecommerce.app.product.controller","AdminStockController","adjustStock","POST","/admin/stock/adjust"
"com.ecommerce.app.product.controller","AdminStockController","currentStock","GET","/admin/stock/current"
"com.ecommerce.app.product.controller","AdminStockController","currentStockPdf","GET","/admin/stock/current/pdf"
"com.ecommerce.app.product.controller","AdminStockController","receiveForm","GET","/admin/stock/receive"
"com.ecommerce.app.product.controller","AdminStockController","receiveStock","POST","/admin/stock/receive"
"com.ecommerce.app.product.controller","AdminStockController","transactions","GET","/admin/stock/transactions"
"com.ecommerce.app.product.controller","CatalogAttributeAdminController","list","GET","/catalog-attributes"
"com.ecommerce.app.product.controller","CatalogAttributeAdminController","list","GET","/catalog-attributes/"
"com.ecommerce.app.product.controller","CatalogAttributeAdminController","mappingList","GET","/catalog-attributes/category-mappings"
"com.ecommerce.app.product.controller","CatalogAttributeAdminController","deleteMapping","POST","/catalog-attributes/category-mappings/delete/{uuid}"
"com.ecommerce.app.product.controller","CatalogAttributeAdminController","saveMapping","POST","/catalog-attributes/category-mappings/save"
"com.ecommerce.app.product.controller","CatalogAttributeAdminController","createForm","GET","/catalog-attributes/create"
"com.ecommerce.app.product.controller","CatalogAttributeAdminController","delete","POST","/catalog-attributes/delete/{uuid}"
"com.ecommerce.app.product.controller","CatalogAttributeAdminController","editForm","GET","/catalog-attributes/edit/{uuid}"
"com.ecommerce.app.product.controller","CatalogAttributeAdminController","formFields","GET","/catalog-attributes/form-fields"
"com.ecommerce.app.product.controller","CatalogAttributeAdminController","list","GET","/catalog-attributes/list"
"com.ecommerce.app.product.controller","CatalogAttributeAdminController","deleteOption","POST","/catalog-attributes/options/delete/{uuid}"
"com.ecommerce.app.product.controller","CatalogAttributeAdminController","saveOption","POST","/catalog-attributes/options/save"
"com.ecommerce.app.product.controller","CatalogAttributeAdminController","optionList","GET","/catalog-attributes/options/{attributeUuid}"
"com.ecommerce.app.product.controller","CatalogAttributeAdminController","save","POST","/catalog-attributes/save"
"com.ecommerce.app.product.controller","CatalogVariantController","add","GET","/catalog-variants/add/{productUuid}"
"com.ecommerce.app.product.controller","CatalogVariantController","delete","DELETE","/catalog-variants/delete/{uuid}"
"com.ecommerce.app.product.controller","CatalogVariantController","edit","GET","/catalog-variants/edit/{uuid}"
"com.ecommerce.app.product.controller","CatalogVariantController","generate","POST","/catalog-variants/generate"
"com.ecommerce.app.product.controller","CatalogVariantController","generateForm","GET","/catalog-variants/generate/{productUuid}"
"com.ecommerce.app.product.controller","CatalogVariantController","save","POST","/catalog-variants/save"
"com.ecommerce.app.product.controller","ManufacturerController","add","GET","/manufacturer/add"
"com.ecommerce.app.product.controller","ManufacturerController","deleteUnit","POST","/manufacturer/delete/{id}"
"com.ecommerce.app.product.controller","ManufacturerController","showEditUnitForm","GET","/manufacturer/edit/{id}"
"com.ecommerce.app.product.controller","ManufacturerController","viewAllUnits","GET","/manufacturer/list"
"com.ecommerce.app.product.controller","ManufacturerController","save","POST","/manufacturer/save"
"com.ecommerce.app.product.controller","ProductController","index","GET","/product"
"com.ecommerce.app.product.controller","ProductController","index","GET","/product/"
"com.ecommerce.app.product.controller","ProductController","create","GET","/product/create"
"com.ecommerce.app.product.controller","ProductController","delete","POST","/product/delete/{id}"
"com.ecommerce.app.product.controller","ProductController","create","GET","/product/details/{id}"
"com.ecommerce.app.product.controller","ProductController","saveSpecifications","POST","/product/details/{id}/specifications"
"com.ecommerce.app.product.controller","ProductController","edit","GET","/product/edit/{id}"
"com.ecommerce.app.product.controller","ProductController","index","GET","/product/index"
"com.ecommerce.app.product.controller","ProductController","create","POST","/product/save"
"com.ecommerce.app.product.controller","ProductDimensionController","add","GET","/productdimension/add/{pid}"
"com.ecommerce.app.product.controller","ProductDimensionController","deleteUnit","DELETE","/productdimension/delete/{id}"
"com.ecommerce.app.product.controller","ProductDimensionController","edit","GET","/productdimension/edit/{id}"
"com.ecommerce.app.product.controller","ProductDimensionController","save","POST","/productdimension/save"
"com.ecommerce.app.product.controller","ProductImageController","deleteProduct","DELETE","/productimage/delete/{productId}"
"com.ecommerce.app.product.controller","ProductImageController","list","GET","/productimage/list/{id}"
"com.ecommerce.app.product.controller","ProductImageController","save","POST","/productimage/upload"
"com.ecommerce.app.product.controller","ProductcategoryController","index","GET","/productcategory"
"com.ecommerce.app.product.controller","ProductcategoryController","index","GET","/productcategory/"
"com.ecommerce.app.product.controller","ProductcategoryController","create","GET","/productcategory/create"
"com.ecommerce.app.product.controller","ProductcategoryController","delete","POST","/productcategory/delete/{id}"
"com.ecommerce.app.product.controller","ProductcategoryController","create","GET","/productcategory/details/{id}"
"com.ecommerce.app.product.controller","ProductcategoryController","edit","GET","/productcategory/edit/{id}"
"com.ecommerce.app.product.controller","ProductcategoryController","index","GET","/productcategory/index"
"com.ecommerce.app.product.controller","ProductcategoryController","create","POST","/productcategory/save"
"com.ecommerce.app.product.controller","UnitsController","showAddUnitForm","GET","/uom/add"
"com.ecommerce.app.product.controller","UnitsController","deleteUnit","POST","/uom/delete/{id}"
"com.ecommerce.app.product.controller","UnitsController","showEditUnitForm","GET","/uom/edit/{id}"
"com.ecommerce.app.product.controller","UnitsController","viewAllUnits","GET","/uom/list"
"com.ecommerce.app.product.controller","UnitsController","addUnit","POST","/uom/save"
"com.ecommerce.app.product.controller","WarrantyController","add","GET","/warranty/add/{pid}"
"com.ecommerce.app.product.controller","WarrantyController","deleteUnit","DELETE","/warranty/delete/{id}"
"com.ecommerce.app.product.controller","WarrantyController","edit","GET","/warranty/edit/{id}"
"com.ecommerce.app.product.controller","WarrantyController","save","POST","/warranty/save"
"com.ecommerce.app.publics.controller","PublicController","aboutUs","GET","/public/about-us"
"com.ecommerce.app.publics.controller","PublicController","blogByCategory","GET","/public/blog-by-cat/{catid}"
"com.ecommerce.app.publics.controller","PublicController","blogDetails","GET","/public/blogdetails/{blogid}"
"com.ecommerce.app.publics.controller","PublicController","browsingHistory","GET","/public/browsing-history"
"com.ecommerce.app.publics.controller","PublicController","contactUs","GET","/public/contact-us"
"com.ecommerce.app.publics.controller","PublicController","contactUs","GET","/public/contactUs"
"com.ecommerce.app.publics.controller","PublicController","forgotPassword","GET","/public/forgot-password"
"com.ecommerce.app.publics.controller","PublicController","studentRegistration","GET","/public/front-registration"
"com.ecommerce.app.publics.controller","PublicController","help","GET","/public/help"
"com.ecommerce.app.publics.controller","PublicController","homecontactsave","POST","/public/home-contact-save"
"com.ecommerce.app.publics.controller","PublicController","memberlogin","GET","/public/member-login"
"com.ecommerce.app.publics.controller","PublicController","paymentMethods","GET","/public/payment-methods"
"com.ecommerce.app.publics.controller","PublicController","privacyPolicy","GET","/public/privacy-policy"
"com.ecommerce.app.publics.controller","PublicController","privacyPolicy","GET","/public/privacy_policy"
"com.ecommerce.app.publics.controller","PublicController","product","GET","/public/product"
"com.ecommerce.app.publics.controller","PublicController","productByCategory","GET","/public/product-by-category/{prodcatid}"
"com.ecommerce.app.publics.controller","PublicController","refundAndReturnsPolicy","GET","/public/refund-and-returns-policy"
"com.ecommerce.app.publics.controller","PublicController","refundAndReturnsPolicy","GET","/public/refund-returns-policy"
"com.ecommerce.app.publics.controller","PublicController","returnsAndReplacements","GET","/public/returns-replacements"
"com.ecommerce.app.publics.controller","PublicController","searchSuggestions","GET","/public/search/suggestions"
"com.ecommerce.app.publics.controller","PublicController","shippingRatesAndPolicies","GET","/public/shipping-rates-policies"
"com.ecommerce.app.publics.controller","PublicController","single_product","GET","/public/single-product/{prodid}"
"com.ecommerce.app.publics.controller","PublicController","termsAndConditions","GET","/public/term-and-conditions"
"com.ecommerce.app.publics.controller","PublicController","termsAndConditions","GET","/public/terms-and-conditions"
"com.ecommerce.app.publics.controller","PublicController","termsOfUse","GET","/public/terms-of-use"
"com.ecommerce.app.publics.controller","PublicSeoDiscoveryController","llms","GET","/llms.txt"
"com.ecommerce.app.publics.controller","PublicSeoDiscoveryController","robots","GET","/robots.txt"
"com.ecommerce.app.publics.controller","PublicSeoDiscoveryController","sitemap","GET","/sitemap.xml"
"com.ecommerce.app.publics.controller","WelcomeController","welcome","GET","/"
"com.ecommerce.app.publics.controller","WelcomeController","maintenancePage","GET","/maintenance"
"com.ecommerce.app.vendor.controller","VendorController","index","GET","/vendor/dashboards/{id}"
"com.ecommerce.app.vendor.controller","VendorController","home","GET","/vendor/home"
"com.ecommerce.app.vendor.controller","VendorController","index","GET","/vendor/index/{id}"
"com.ecommerce.app.vendor.controller","VendorController","index","GET","/vendor/{id}"
"com.ecommerce.app.vendor.controller","VendorFinanceReportController","dashboard","GET","/vendor/finance/dashboard"
"com.ecommerce.app.vendor.controller","VendorFinanceReportController","ledger","GET","/vendor/finance/ledger"
"com.ecommerce.app.vendor.controller","VendorLogoController","index","GET","/vendorlogo"
"com.ecommerce.app.vendor.controller","VendorLogoController","index","GET","/vendorlogo/"
"com.ecommerce.app.vendor.controller","VendorLogoController","delete","POST","/vendorlogo/delete"
"com.ecommerce.app.vendor.controller","VendorLogoController","index","GET","/vendorlogo/index"
"com.ecommerce.app.vendor.controller","VendorLogoController","save","POST","/vendorlogo/save"
"com.ecommerce.app.vendor.controller","VendorPayoutController","viewBalance","GET","/vendor-payout"
"com.ecommerce.app.vendor.controller","VendorPayoutController","list","GET","/vendor-payout/list"
"com.ecommerce.app.vendor.controller","VendorPayoutController","showPayoutRequestPage","GET","/vendor-payout/request"
"com.ecommerce.app.vendor.controller","VendorPayoutController","requestPayout2","POST","/vendor-payout/request-payout"
"com.ecommerce.app.vendor.controller","VendorPayoutController","save","POST","/vendor-payout/save"
"com.ecommerce.app.vendor.controller","VendorPayoutMethodController","createForm","GET","/vendor-payout-methods/create"
"com.ecommerce.app.vendor.controller","VendorPayoutMethodController","delete","POST","/vendor-payout-methods/delete/{id}"
"com.ecommerce.app.vendor.controller","VendorPayoutMethodController","editForm","GET","/vendor-payout-methods/edit/{id}"
"com.ecommerce.app.vendor.controller","VendorPayoutMethodController","listByVendor","GET","/vendor-payout-methods/list"
"com.ecommerce.app.vendor.controller","VendorPayoutMethodController","save","POST","/vendor-payout-methods/save"
"com.ecommerce.app.vendor.controller","VendorProductController","index","GET","/productvendor"
"com.ecommerce.app.vendor.controller","VendorProductController","index","GET","/productvendor/"
"com.ecommerce.app.vendor.controller","VendorProductController","create","GET","/productvendor/create"
"com.ecommerce.app.vendor.controller","VendorProductController","delete","POST","/productvendor/delete/{id}"
"com.ecommerce.app.vendor.controller","VendorProductController","create","GET","/productvendor/details/{id}"
"com.ecommerce.app.vendor.controller","VendorProductController","saveSpecifications","POST","/productvendor/details/{id}/specifications"
"com.ecommerce.app.vendor.controller","VendorProductController","edit","GET","/productvendor/edit/{id}"
"com.ecommerce.app.vendor.controller","VendorProductController","index","GET","/productvendor/index"
"com.ecommerce.app.vendor.controller","VendorProductController","create","POST","/productvendor/save"
"com.ecommerce.app.vendor.controller","VendorProfileController","index","GET","/vendorprofile"
"com.ecommerce.app.vendor.controller","VendorProfileController","index","GET","/vendorprofile/"
"com.ecommerce.app.vendor.controller","VendorProfileController","create","GET","/vendorprofile/create"
"com.ecommerce.app.vendor.controller","VendorProfileController","details","GET","/vendorprofile/details"
"com.ecommerce.app.vendor.controller","VendorProfileController","edit","GET","/vendorprofile/edit"
"com.ecommerce.app.vendor.controller","VendorProfileController","index","GET","/vendorprofile/index"
"com.ecommerce.app.vendor.controller","VendorProfileController","save","POST","/vendorprofile/save"
"com.ecommerce.app.vendor.controller","VendorSalesItemController","index","GET","/vendor-order/items"
"com.ecommerce.app.vendor.controller","VendorSalesOrderController","index","GET","/vendor-order"
"com.ecommerce.app.vendor.controller","VendorSalesOrderController","index","GET","/vendor-order/"
"com.ecommerce.app.vendor.controller","VendorSalesOrderController","addCharges","GET","/vendor-order/addcharges/{oid}"
"com.ecommerce.app.vendor.controller","VendorSalesOrderController","details","GET","/vendor-order/details/{oid}"
"com.ecommerce.app.vendor.controller","VendorSalesOrderController","index","GET","/vendor-order/index"
"com.ecommerce.app.vendor.controller","VendorSalesOrderController","itemReturn","POST","/vendor-order/item-return"
"com.ecommerce.app.vendor.controller","VendorSalesOrderController","orderPdf","GET","/vendor-order/orders/{id}/pdf"
"com.ecommerce.app.vendor.controller","VendorSalesOrderController","refunds","GET","/vendor-order/refunds"
"com.ecommerce.app.vendor.controller","VendorSalesOrderController","returns","GET","/vendor-order/returns"
"com.ecommerce.app.vendor.controller","VendorSalesOrderController","statusChange","POST","/vendor-order/statuschange"
"com.ecommerce.app.vendor.controller","VendorSalesOrderController","updateCharges","POST","/vendor-order/update-charges"
"com.ecommerce.app.vendor.controller","VendorShippingDocumentController","invoices","GET","/vendor/shipping-documents/invoices"
"com.ecommerce.app.vendor.controller","VendorShippingDocumentController","generateInvoice","POST","/vendor/shipping-documents/invoices/generate"
"com.ecommerce.app.vendor.controller","VendorShippingDocumentController","labels","GET","/vendor/shipping-documents/labels"
"com.ecommerce.app.vendor.controller","VendorShippingDocumentController","generateLabel","POST","/vendor/shipping-documents/labels/generate"
"com.ecommerce.app.vendor.controller","VendorShippingDocumentController","manifests","GET","/vendor/shipping-documents/manifests"
"com.ecommerce.app.vendor.controller","VendorShippingDocumentController","createManifest","GET","/vendor/shipping-documents/manifests/create"
"com.ecommerce.app.vendor.controller","VendorShippingDocumentController","saveManifest","POST","/vendor/shipping-documents/manifests/save"
"com.ecommerce.app.vendor.controller","VendorStockController","adjustForm","GET","/vendor/stock/adjust"
"com.ecommerce.app.vendor.controller","VendorStockController","adjustStock","POST","/vendor/stock/adjust"
"com.ecommerce.app.vendor.controller","VendorStockController","currentStock","GET","/vendor/stock/current"
"com.ecommerce.app.vendor.controller","VendorStockController","receiveForm","GET","/vendor/stock/receive"
"com.ecommerce.app.vendor.controller","VendorStockController","receiveStock","POST","/vendor/stock/receive"
"com.ecommerce.app.vendor.controller","VendorStockController","transactions","GET","/vendor/stock/transactions"
"com.ecommerce.app.vendor.controller","VendorTransactionController","list","GET","/vendor-transaction/list"
"com.ecommerce.app.vendor.controller","VendorVerificationsController","index","GET","/vendorverifications"
"com.ecommerce.app.vendor.controller","VendorVerificationsController","index","GET","/vendorverifications/"
"com.ecommerce.app.vendor.controller","VendorVerificationsController","emailVerified","GET","/vendorverifications/email-verified"
"com.ecommerce.app.vendor.controller","VendorVerificationsController","sendEmailVerification","POST","/vendorverifications/emailverification"
"com.ecommerce.app.vendor.controller","VendorVerificationsController","index","GET","/vendorverifications/index"
"com.ecommerce.app.vendor.controller","VendorVerificationsController","sendMobileOtp","POST","/vendorverifications/mobile-verification-otp-send"
"com.ecommerce.app.vendor.controller","VendorVerificationsController","mobileVerified","GET","/vendorverifications/mobile-verified"
"com.ecommerce.app.vendor.controller","VendorVerificationsController","verifyEmail","GET","/vendorverifications/verify-email"
"com.ecommerce.app.vendor.controller","VendorVerificationsController","verifyEmailSubmission","POST","/vendorverifications/verify-email"
"com.ecommerce.app.vendor.controller","VendorVerificationsController","verifyMobileForm","GET","/vendorverifications/verify-mobile"
"com.ecommerce.app.vendor.controller","VendorVerificationsController","verifyMobile","POST","/vendorverifications/verify-mobile"
"com.ecommerce.app.vendor.controller","Vendor_DeliveryPersonController","list","GET","/vendor/delivery-persons"
"com.ecommerce.app.vendor.controller","Vendor_DeliveryPersonController","save","POST","/vendor/delivery-persons"
"com.ecommerce.app.vendor.controller","Vendor_DeliveryPersonController","delete","POST","/vendor/delivery-persons/delete/{id}"
"com.ecommerce.app.vendor.controller","Vendor_DeliveryPersonController","editForm","GET","/vendor/delivery-persons/edit/{id}"
"com.ecommerce.app.vendor.controller","Vendor_DeliveryPersonController","createForm","GET","/vendor/delivery-persons/new"
"com.ecommerce.app.vendor.controller","Vendor_ProductDimensionController","add","GET","/vendor_productdimension/add/{pid}"
"com.ecommerce.app.vendor.controller","Vendor_ProductDimensionController","deleteUnit","DELETE","/vendor_productdimension/delete/{id}"
"com.ecommerce.app.vendor.controller","Vendor_ProductDimensionController","edit","GET","/vendor_productdimension/edit/{id}"
"com.ecommerce.app.vendor.controller","Vendor_ProductDimensionController","save","POST","/vendor_productdimension/save"
"com.ecommerce.app.vendor.controller","Vendor_ProductImageController","deleteProduct","DELETE","/vendor_productimage/delete/{productId}"
"com.ecommerce.app.vendor.controller","Vendor_ProductImageController","list","GET","/vendor_productimage/list/{id}"
"com.ecommerce.app.vendor.controller","Vendor_ProductImageController","save","POST","/vendor_productimage/upload"
"com.ecommerce.app.vendor.controller","Vendor_ShipmentController","list","GET","/vendor/shipments"
"com.ecommerce.app.vendor.controller","Vendor_ShipmentController","save","POST","/vendor/shipments"
"com.ecommerce.app.vendor.controller","Vendor_ShipmentController","delete","POST","/vendor/shipments/delete/{id}"
"com.ecommerce.app.vendor.controller","Vendor_ShipmentController","editForm","GET","/vendor/shipments/edit/{id}"
"com.ecommerce.app.vendor.controller","Vendor_ShipmentController","createForm","GET","/vendor/shipments/new"
"com.ecommerce.app.vendor.controller","Vendor_ShipmentController","collectCod","POST","/vendor/shipments/{id}/collect-cod"
"com.ecommerce.app.vendor.controller","Vendor_ShipmentController","generateLabel","POST","/vendor/shipments/{id}/generate-label"
"com.ecommerce.app.vendor.controller","Vendor_WarrantyController","add","GET","/vendor_warranty/add/{pid}"
"com.ecommerce.app.vendor.controller","Vendor_WarrantyController","deleteUnit","DELETE","/vendor_warranty/delete/{id}"
"com.ecommerce.app.vendor.controller","Vendor_WarrantyController","edit","GET","/vendor_warranty/edit/{id}"
"com.ecommerce.app.vendor.controller","Vendor_WarrantyController","save","POST","/vendor_warranty/save"
"com.ecommerce.app.vendor.controller","VendoraddressController","page","GET","/vendoraddress"
"com.ecommerce.app.vendor.controller","VendoraddressController","page","GET","/vendoraddress/"
"com.ecommerce.app.vendor.controller","VendoraddressController","page","GET","/vendoraddress/index"
"com.ecommerce.app.vendor.user.controller","VendorAccessControllController","addVendorUser","GET","/vendor-users/add_vendor_user"
"com.ecommerce.app.vendor.user.controller","VendorAccessControllController","delete","POST","/vendor-users/delete/{id}"
"com.ecommerce.app.vendor.user.controller","VendorAccessControllController","assignExistingUserToVendor","POST","/vendor-users/save"
"com.ecommerce.app.vendor.user.controller","VendorAccessControllController","vendoruserlist","GET","/vendor-users/userlist"
"com.ecommerce.app.vendor.user.controller","VendorRoleManagementController","list","GET","/vendor-users/roles"
"com.ecommerce.app.vendor.user.controller","VendorRoleManagementController","addForm","GET","/vendor-users/roles/add"
"com.ecommerce.app.vendor.user.controller","VendorRoleManagementController","delete","POST","/vendor-users/roles/delete/{id}"
"com.ecommerce.app.vendor.user.controller","VendorRoleManagementController","editForm","GET","/vendor-users/roles/edit/{id}"
"com.ecommerce.app.vendor.user.controller","VendorRoleManagementController","save","POST","/vendor-users/roles/save"
