"PermissionCandidate","Namespace","ModuleCandidates","ActionCandidates","ZoneCandidates","EndpointCount","AssignmentPolicyCandidate","StepUpCandidate","LifecycleCandidate","ReviewStatus"
"api.commission.read","api","COMMISSION","READ","API","1","CLIENT_OR_USER_SCOPE_REVIEW","NOT_DEFAULT_REVIEW_IF_HIGH_IMPACT","PROTECTED_VERSIONED_PROPOSED","PENDING_MANUAL_CONFIRMATION"
"customer.account.delete","customer","CUSTOMER_ACCOUNT","SENSITIVE_REVIEW","CUSTOMER","1","PROTECTED_CUSTOMER_SELF_SERVICE_POLICY","REQUIRED_OR_DOCUMENT_EXCEPTION","PROTECTED_VERSIONED_PROPOSED","PENDING_MANUAL_CONFIRMATION"
"customer.account.manage","customer","CUSTOMER_ACCOUNT","MANAGE","CUSTOMER","3","PROTECTED_CUSTOMER_SELF_SERVICE_POLICY","NOT_DEFAULT_REVIEW_IF_HIGH_IMPACT","PROTECTED_VERSIONED_PROPOSED","PENDING_MANUAL_CONFIRMATION"
"customer.account.method-review","customer","CUSTOMER_ACCOUNT","HTTP_METHOD_REVIEW","CUSTOMER","17","PROTECTED_CUSTOMER_SELF_SERVICE_POLICY","NOT_DEFAULT_REVIEW_IF_HIGH_IMPACT","PROTECTED_VERSIONED_PROPOSED","PENDING_MANUAL_CONFIRMATION"
"customer.account.password","customer","CUSTOMER_ACCOUNT","SENSITIVE_REVIEW","CUSTOMER","1","PROTECTED_CUSTOMER_SELF_SERVICE_POLICY","REQUIRED_OR_DOCUMENT_EXCEPTION","PROTECTED_VERSIONED_PROPOSED","PENDING_MANUAL_CONFIRMATION"
"customer.account.read","customer","CUSTOMER_ACCOUNT","READ","CUSTOMER","6","PROTECTED_CUSTOMER_SELF_SERVICE_POLICY","NOT_DEFAULT_REVIEW_IF_HIGH_IMPACT","PROTECTED_VERSIONED_PROPOSED","PENDING_MANUAL_CONFIRMATION"
"customer.blog.manage","customer","BLOG","MANAGE","CUSTOMER","3","PROTECTED_CUSTOMER_SELF_SERVICE_POLICY","NOT_DEFAULT_REVIEW_IF_HIGH_IMPACT","PROTECTED_VERSIONED_PROPOSED","PENDING_MANUAL_CONFIRMATION"
"customer.blog.read","customer","BLOG","READ","CUSTOMER","7","PROTECTED_CUSTOMER_SELF_SERVICE_POLICY","NOT_DEFAULT_REVIEW_IF_HIGH_IMPACT","PROTECTED_VERSIONED_PROPOSED","PENDING_MANUAL_CONFIRMATION"
"customer.blog.remove","customer","BLOG","SENSITIVE_REVIEW","CUSTOMER","1","PROTECTED_CUSTOMER_SELF_SERVICE_POLICY","REQUIRED_OR_DOCUMENT_EXCEPTION","PROTECTED_VERSIONED_PROPOSED","PENDING_MANUAL_CONFIRMATION"
"customer.cart.checkout.manage","customer","CART_CHECKOUT","MANAGE","CUSTOMER","2","PROTECTED_CUSTOMER_SELF_SERVICE_POLICY","NOT_DEFAULT_REVIEW_IF_HIGH_IMPACT","PROTECTED_VERSIONED_PROPOSED","PENDING_MANUAL_CONFIRMATION"
"customer.cart.checkout.method-review","customer","CART_CHECKOUT","HTTP_METHOD_REVIEW","CUSTOMER","4","PROTECTED_CUSTOMER_SELF_SERVICE_POLICY","NOT_DEFAULT_REVIEW_IF_HIGH_IMPACT","PROTECTED_VERSIONED_PROPOSED","PENDING_MANUAL_CONFIRMATION"
"customer.cart.checkout.read","customer","CART_CHECKOUT","READ","CUSTOMER","1","PROTECTED_CUSTOMER_SELF_SERVICE_POLICY","NOT_DEFAULT_REVIEW_IF_HIGH_IMPACT","PROTECTED_VERSIONED_PROPOSED","PENDING_MANUAL_CONFIRMATION"
"customer.cart.checkout.verify","customer","CART_CHECKOUT","SENSITIVE_REVIEW","CUSTOMER","1","PROTECTED_CUSTOMER_SELF_SERVICE_POLICY","REQUIRED_OR_DOCUMENT_EXCEPTION","PROTECTED_VERSIONED_PROPOSED","PENDING_MANUAL_CONFIRMATION"
"customer.catalog.method-review","customer","CATALOG","HTTP_METHOD_REVIEW","CUSTOMER","5","PROTECTED_CUSTOMER_SELF_SERVICE_POLICY","NOT_DEFAULT_REVIEW_IF_HIGH_IMPACT","PROTECTED_VERSIONED_PROPOSED","PENDING_MANUAL_CONFIRMATION"
"customer.communication.manage","customer","COMMUNICATION","MANAGE","CUSTOMER","1","PROTECTED_CUSTOMER_SELF_SERVICE_POLICY","NOT_DEFAULT_REVIEW_IF_HIGH_IMPACT","PROTECTED_VERSIONED_PROPOSED","PENDING_MANUAL_CONFIRMATION"
"customer.communication.read","customer","COMMUNICATION","READ","CUSTOMER","5","PROTECTED_CUSTOMER_SELF_SERVICE_POLICY","NOT_DEFAULT_REVIEW_IF_HIGH_IMPACT","PROTECTED_VERSIONED_PROPOSED","PENDING_MANUAL_CONFIRMATION"
"customer.order.payment.manage","customer","ORDER_PAYMENT","MANAGE","CUSTOMER","3","PROTECTED_CUSTOMER_SELF_SERVICE_POLICY","NOT_DEFAULT_REVIEW_IF_HIGH_IMPACT","PROTECTED_VERSIONED_PROPOSED","PENDING_MANUAL_CONFIRMATION"
"customer.order.payment.method-review","customer","ORDER_PAYMENT","HTTP_METHOD_REVIEW","CUSTOMER","8","PROTECTED_CUSTOMER_SELF_SERVICE_POLICY","NOT_DEFAULT_REVIEW_IF_HIGH_IMPACT","PROTECTED_VERSIONED_PROPOSED","PENDING_MANUAL_CONFIRMATION"
"customer.order.payment.pdf","customer","ORDER_PAYMENT","SENSITIVE_REVIEW","CUSTOMER","1","PROTECTED_CUSTOMER_SELF_SERVICE_POLICY","REQUIRED_OR_DOCUMENT_EXCEPTION","PROTECTED_VERSIONED_PROPOSED","PENDING_MANUAL_CONFIRMATION"
"customer.order.payment.read","customer","ORDER_PAYMENT","READ","CUSTOMER","10","PROTECTED_CUSTOMER_SELF_SERVICE_POLICY","NOT_DEFAULT_REVIEW_IF_HIGH_IMPACT","PROTECTED_VERSIONED_PROPOSED","PENDING_MANUAL_CONFIRMATION"
"customer.order.payment.refund","customer","ORDER_PAYMENT","SENSITIVE_REVIEW","CUSTOMER","1","PROTECTED_CUSTOMER_SELF_SERVICE_POLICY","REQUIRED_OR_DOCUMENT_EXCEPTION","PROTECTED_VERSIONED_PROPOSED","PENDING_MANUAL_CONFIRMATION"
"customer.promotion.rewards.generate","customer","PROMOTION_REWARDS","SENSITIVE_REVIEW","CUSTOMER","1","PROTECTED_CUSTOMER_SELF_SERVICE_POLICY","REQUIRED_OR_DOCUMENT_EXCEPTION","PROTECTED_VERSIONED_PROPOSED","PENDING_MANUAL_CONFIRMATION"
"customer.promotion.rewards.manage","customer","PROMOTION_REWARDS","MANAGE","CUSTOMER","5","PROTECTED_CUSTOMER_SELF_SERVICE_POLICY","NOT_DEFAULT_REVIEW_IF_HIGH_IMPACT","PROTECTED_VERSIONED_PROPOSED","PENDING_MANUAL_CONFIRMATION"
"customer.promotion.rewards.method-review","customer","PROMOTION_REWARDS","HTTP_METHOD_REVIEW","CUSTOMER","4","PROTECTED_CUSTOMER_SELF_SERVICE_POLICY","NOT_DEFAULT_REVIEW_IF_HIGH_IMPACT","PROTECTED_VERSIONED_PROPOSED","PENDING_MANUAL_CONFIRMATION"
"customer.promotion.rewards.read","customer","PROMOTION_REWARDS","READ","CUSTOMER","13","PROTECTED_CUSTOMER_SELF_SERVICE_POLICY","NOT_DEFAULT_REVIEW_IF_HIGH_IMPACT","PROTECTED_VERSIONED_PROPOSED","PENDING_MANUAL_CONFIRMATION"
"customer.promotion.rewards.verify","customer","PROMOTION_REWARDS","SENSITIVE_REVIEW","CUSTOMER","1","PROTECTED_CUSTOMER_SELF_SERVICE_POLICY","REQUIRED_OR_DOCUMENT_EXCEPTION","PROTECTED_VERSIONED_PROPOSED","PENDING_MANUAL_CONFIRMATION"
"customer.review.rating.manage","customer","REVIEW_RATING","MANAGE","CUSTOMER","1","PROTECTED_CUSTOMER_SELF_SERVICE_POLICY","NOT_DEFAULT_REVIEW_IF_HIGH_IMPACT","PROTECTED_VERSIONED_PROPOSED","PENDING_MANUAL_CONFIRMATION"
"customer.wishlist.manage","customer","WISHLIST","MANAGE","CUSTOMER","1","PROTECTED_CUSTOMER_SELF_SERVICE_POLICY","NOT_DEFAULT_REVIEW_IF_HIGH_IMPACT","PROTECTED_VERSIONED_PROPOSED","PENDING_MANUAL_CONFIRMATION"
"customer.wishlist.read","customer","WISHLIST","READ","CUSTOMER","3","PROTECTED_CUSTOMER_SELF_SERVICE_POLICY","NOT_DEFAULT_REVIEW_IF_HIGH_IMPACT","PROTECTED_VERSIONED_PROPOSED","PENDING_MANUAL_CONFIRMATION"
"customer.wishlist.remove","customer","WISHLIST","SENSITIVE_REVIEW","CUSTOMER","1","PROTECTED_CUSTOMER_SELF_SERVICE_POLICY","REQUIRED_OR_DOCUMENT_EXCEPTION","PROTECTED_VERSIONED_PROPOSED","PENDING_MANUAL_CONFIRMATION"
"internal.unclassified.general.method-review","internal","GENERAL","HTTP_METHOD_REVIEW","SHARED_OR_UNCLASSIFIED","2","PROTECTED_NON_ASSIGNABLE_SYSTEM_POLICY","NOT_DEFAULT_REVIEW_IF_HIGH_IMPACT","PROTECTED_VERSIONED_PROPOSED","PENDING_MANUAL_CONFIRMATION"
"internal.unclassified.identity.access.delete","internal","IDENTITY_ACCESS","SENSITIVE_REVIEW","SHARED_OR_UNCLASSIFIED","2","PROTECTED_NON_ASSIGNABLE_SYSTEM_POLICY","REQUIRED_OR_DOCUMENT_EXCEPTION","PROTECTED_VERSIONED_PROPOSED","PENDING_MANUAL_CONFIRMATION"
"internal.unclassified.identity.access.manage","internal","IDENTITY_ACCESS","MANAGE","SHARED_OR_UNCLASSIFIED","1","PROTECTED_NON_ASSIGNABLE_SYSTEM_POLICY","NOT_DEFAULT_REVIEW_IF_HIGH_IMPACT","PROTECTED_VERSIONED_PROPOSED","PENDING_MANUAL_CONFIRMATION"
"internal.unclassified.identity.access.method-review","internal","IDENTITY_ACCESS","HTTP_METHOD_REVIEW","SHARED_OR_UNCLASSIFIED","12","PROTECTED_NON_ASSIGNABLE_SYSTEM_POLICY","NOT_DEFAULT_REVIEW_IF_HIGH_IMPACT","PROTECTED_VERSIONED_PROPOSED","PENDING_MANUAL_CONFIRMATION"
"internal.unclassified.identity.access.password","internal","IDENTITY_ACCESS","SENSITIVE_REVIEW","SHARED_OR_UNCLASSIFIED","7","PROTECTED_NON_ASSIGNABLE_SYSTEM_POLICY","REQUIRED_OR_DOCUMENT_EXCEPTION","PROTECTED_VERSIONED_PROPOSED","PENDING_MANUAL_CONFIRMATION"
"internal.unclassified.identity.access.read","internal","IDENTITY_ACCESS","READ","SHARED_OR_UNCLASSIFIED","5","PROTECTED_NON_ASSIGNABLE_SYSTEM_POLICY","NOT_DEFAULT_REVIEW_IF_HIGH_IMPACT","PROTECTED_VERSIONED_PROPOSED","PENDING_MANUAL_CONFIRMATION"
"internal.unclassified.order.payment.method-review","internal","ORDER_PAYMENT","HTTP_METHOD_REVIEW","SHARED_OR_UNCLASSIFIED","3","PROTECTED_NON_ASSIGNABLE_SYSTEM_POLICY","NOT_DEFAULT_REVIEW_IF_HIGH_IMPACT","PROTECTED_VERSIONED_PROPOSED","PENDING_MANUAL_CONFIRMATION"
"internal.unclassified.promotion.rewards.generate","internal","PROMOTION_REWARDS","SENSITIVE_REVIEW","SHARED_OR_UNCLASSIFIED","1","PROTECTED_NON_ASSIGNABLE_SYSTEM_POLICY","REQUIRED_OR_DOCUMENT_EXCEPTION","PROTECTED_VERSIONED_PROPOSED","PENDING_MANUAL_CONFIRMATION"
"platform.blog.approve","platform","BLOG","SENSITIVE_REVIEW","ADMIN","1","PLATFORM_ROLE_ASSIGNABLE_WITH_GRANT_AUTHORITY","REQUIRED_OR_DOCUMENT_EXCEPTION","PROTECTED_VERSIONED_PROPOSED","PENDING_MANUAL_CONFIRMATION"
"platform.blog.delete","platform","BLOG","SENSITIVE_REVIEW","ADMIN","1","PLATFORM_ROLE_ASSIGNABLE_WITH_GRANT_AUTHORITY","REQUIRED_OR_DOCUMENT_EXCEPTION","PROTECTED_VERSIONED_PROPOSED","PENDING_MANUAL_CONFIRMATION"
"platform.blog.export","platform","BLOG","SENSITIVE_REVIEW","ADMIN","1","PLATFORM_ROLE_ASSIGNABLE_WITH_GRANT_AUTHORITY","REQUIRED_OR_DOCUMENT_EXCEPTION","PROTECTED_VERSIONED_PROPOSED","PENDING_MANUAL_CONFIRMATION"
"platform.blog.manage","platform","BLOG","MANAGE","ADMIN","7","PLATFORM_ROLE_ASSIGNABLE_WITH_GRANT_AUTHORITY","NOT_DEFAULT_REVIEW_IF_HIGH_IMPACT","PROTECTED_VERSIONED_PROPOSED","PENDING_MANUAL_CONFIRMATION"
"platform.blog.read","platform","BLOG","READ","ADMIN","16","PLATFORM_ROLE_ASSIGNABLE_WITH_GRANT_AUTHORITY","NOT_DEFAULT_REVIEW_IF_HIGH_IMPACT","PROTECTED_VERSIONED_PROPOSED","PENDING_MANUAL_CONFIRMATION"
"platform.blog.reject","platform","BLOG","SENSITIVE_REVIEW","ADMIN","1","PLATFORM_ROLE_ASSIGNABLE_WITH_GRANT_AUTHORITY","REQUIRED_OR_DOCUMENT_EXCEPTION","PROTECTED_VERSIONED_PROPOSED","PENDING_MANUAL_CONFIRMATION"
"platform.catalog.delete","platform","CATALOG","SENSITIVE_REVIEW","ADMIN_LEGACY_ROUTE_REVIEW","11","PLATFORM_ROLE_ASSIGNABLE_WITH_GRANT_AUTHORITY","REQUIRED_OR_DOCUMENT_EXCEPTION","PROTECTED_VERSIONED_PROPOSED","PENDING_MANUAL_CONFIRMATION"
"platform.catalog.generate","platform","CATALOG","SENSITIVE_REVIEW","ADMIN_LEGACY_ROUTE_REVIEW","2","PLATFORM_ROLE_ASSIGNABLE_WITH_GRANT_AUTHORITY","REQUIRED_OR_DOCUMENT_EXCEPTION","PROTECTED_VERSIONED_PROPOSED","PENDING_MANUAL_CONFIRMATION"
"platform.catalog.manage","platform","CATALOG","MANAGE","ADMIN_LEGACY_ROUTE_REVIEW","11","PLATFORM_ROLE_ASSIGNABLE_WITH_GRANT_AUTHORITY","NOT_DEFAULT_REVIEW_IF_HIGH_IMPACT","PROTECTED_VERSIONED_PROPOSED","PENDING_MANUAL_CONFIRMATION"
"platform.catalog.method-review","platform","CATALOG","HTTP_METHOD_REVIEW","ADMIN_LEGACY_ROUTE_REVIEW","14","PLATFORM_ROLE_ASSIGNABLE_WITH_GRANT_AUTHORITY","NOT_DEFAULT_REVIEW_IF_HIGH_IMPACT","PROTECTED_VERSIONED_PROPOSED","PENDING_MANUAL_CONFIRMATION"
"platform.catalog.read","platform","CATALOG","READ","ADMIN_LEGACY_ROUTE_REVIEW","20","PLATFORM_ROLE_ASSIGNABLE_WITH_GRANT_AUTHORITY","NOT_DEFAULT_REVIEW_IF_HIGH_IMPACT","PROTECTED_VERSIONED_PROPOSED","PENDING_MANUAL_CONFIRMATION"
"platform.commission.delete","platform","COMMISSION","SENSITIVE_REVIEW","ADMIN","1","PLATFORM_ROLE_ASSIGNABLE_WITH_GRANT_AUTHORITY","REQUIRED_OR_DOCUMENT_EXCEPTION","PROTECTED_VERSIONED_PROPOSED","PENDING_MANUAL_CONFIRMATION"
"platform.commission.manage","platform","COMMISSION","MANAGE","ADMIN","4","PLATFORM_ROLE_ASSIGNABLE_WITH_GRANT_AUTHORITY","NOT_DEFAULT_REVIEW_IF_HIGH_IMPACT","PROTECTED_VERSIONED_PROPOSED","PENDING_MANUAL_CONFIRMATION"
"platform.commission.read","platform","COMMISSION","READ","ADMIN","7","PLATFORM_ROLE_ASSIGNABLE_WITH_GRANT_AUTHORITY","NOT_DEFAULT_REVIEW_IF_HIGH_IMPACT","PROTECTED_VERSIONED_PROPOSED","PENDING_MANUAL_CONFIRMATION"
"platform.communication.delete","platform","COMMUNICATION","SENSITIVE_REVIEW","ADMIN","3","PLATFORM_ROLE_ASSIGNABLE_WITH_GRANT_AUTHORITY","REQUIRED_OR_DOCUMENT_EXCEPTION","PROTECTED_VERSIONED_PROPOSED","PENDING_MANUAL_CONFIRMATION"
"platform.communication.manage","platform","COMMUNICATION","MANAGE","ADMIN","5","PLATFORM_ROLE_ASSIGNABLE_WITH_GRANT_AUTHORITY","NOT_DEFAULT_REVIEW_IF_HIGH_IMPACT","PROTECTED_VERSIONED_PROPOSED","PENDING_MANUAL_CONFIRMATION"
"platform.communication.read","platform","COMMUNICATION","READ","ADMIN","23","PLATFORM_ROLE_ASSIGNABLE_WITH_GRANT_AUTHORITY","NOT_DEFAULT_REVIEW_IF_HIGH_IMPACT","PROTECTED_VERSIONED_PROPOSED","PENDING_MANUAL_CONFIRMATION"
"platform.customer.account.manage","platform","CUSTOMER_ACCOUNT","MANAGE","ADMIN","1","PLATFORM_ROLE_ASSIGNABLE_WITH_GRANT_AUTHORITY","NOT_DEFAULT_REVIEW_IF_HIGH_IMPACT","PROTECTED_VERSIONED_PROPOSED","PENDING_MANUAL_CONFIRMATION"
"platform.customer.account.method-review","platform","CUSTOMER_ACCOUNT","HTTP_METHOD_REVIEW","ADMIN","3","PLATFORM_ROLE_ASSIGNABLE_WITH_GRANT_AUTHORITY","NOT_DEFAULT_REVIEW_IF_HIGH_IMPACT","PROTECTED_VERSIONED_PROPOSED","PENDING_MANUAL_CONFIRMATION"
"platform.customer.account.pdf","platform","CUSTOMER_ACCOUNT","SENSITIVE_REVIEW","ADMIN","1","PLATFORM_ROLE_ASSIGNABLE_WITH_GRANT_AUTHORITY","REQUIRED_OR_DOCUMENT_EXCEPTION","PROTECTED_VERSIONED_PROPOSED","PENDING_MANUAL_CONFIRMATION"
"platform.fraud.manage","platform","FRAUD","MANAGE","ADMIN","10","PLATFORM_ROLE_ASSIGNABLE_WITH_GRANT_AUTHORITY","NOT_DEFAULT_REVIEW_IF_HIGH_IMPACT","PROTECTED_VERSIONED_PROPOSED","PENDING_MANUAL_CONFIRMATION"
"platform.fraud.read","platform","FRAUD","READ","ADMIN","16","PLATFORM_ROLE_ASSIGNABLE_WITH_GRANT_AUTHORITY","NOT_DEFAULT_REVIEW_IF_HIGH_IMPACT","PROTECTED_VERSIONED_PROPOSED","PENDING_MANUAL_CONFIRMATION"
"platform.general.method-review","platform","GENERAL","HTTP_METHOD_REVIEW","ADMIN","3","PLATFORM_ROLE_ASSIGNABLE_WITH_GRANT_AUTHORITY","NOT_DEFAULT_REVIEW_IF_HIGH_IMPACT","PROTECTED_VERSIONED_PROPOSED","PENDING_MANUAL_CONFIRMATION"
"platform.iam.manage","platform","IAM","MANAGE|SENSITIVE_REVIEW","ADMIN","2","PLATFORM_ROLE_ASSIGNABLE_WITH_GRANT_AUTHORITY","REQUIRED_OR_DOCUMENT_EXCEPTION","PROTECTED_VERSIONED_PROPOSED","SOURCE_IMPLEMENTED_PENDING_MIGRATION_AND_RUNTIME_PROOF"
"platform.iam.protected.manage","platform","IAM","MANAGE|SENSITIVE_REVIEW","ADMIN","4","PROTECTED_BREAK_GLASS_ROLE_ONLY","REQUIRED_OR_DOCUMENT_EXCEPTION","PROTECTED_VERSIONED_PROPOSED","SOURCE_IMPLEMENTED_PENDING_MIGRATION_AND_RUNTIME_PROOF"
"platform.iam.read","platform","IAM","READ","ADMIN","12","PLATFORM_ROLE_ASSIGNABLE_WITH_GRANT_AUTHORITY","NOT_DEFAULT_REVIEW_IF_HIGH_IMPACT","PROTECTED_VERSIONED_PROPOSED","SOURCE_IMPLEMENTED_PENDING_MIGRATION_AND_RUNTIME_PROOF"
"platform.identity.access.delete","platform","IDENTITY_ACCESS","SENSITIVE_REVIEW","ADMIN","2","PLATFORM_ROLE_ASSIGNABLE_WITH_GRANT_AUTHORITY","REQUIRED_OR_DOCUMENT_EXCEPTION","PROTECTED_VERSIONED_PROPOSED","PENDING_MANUAL_CONFIRMATION"
"platform.identity.access.manage","platform","IDENTITY_ACCESS","MANAGE","ADMIN","10","PLATFORM_ROLE_ASSIGNABLE_WITH_GRANT_AUTHORITY","NOT_DEFAULT_REVIEW_IF_HIGH_IMPACT","PROTECTED_VERSIONED_PROPOSED","PENDING_MANUAL_CONFIRMATION"
"platform.identity.access.read","platform","IDENTITY_ACCESS","READ","ADMIN","16","PLATFORM_ROLE_ASSIGNABLE_WITH_GRANT_AUTHORITY","NOT_DEFAULT_REVIEW_IF_HIGH_IMPACT","PROTECTED_VERSIONED_PROPOSED","PENDING_MANUAL_CONFIRMATION"
"platform.identity.access.seed","platform","IDENTITY_ACCESS","SENSITIVE_REVIEW","ADMIN","1","PLATFORM_ROLE_ASSIGNABLE_WITH_GRANT_AUTHORITY","REQUIRED_OR_DOCUMENT_EXCEPTION","PROTECTED_VERSIONED_PROPOSED","PENDING_MANUAL_CONFIRMATION"
"platform.inventory.manage","platform","INVENTORY","MANAGE","ADMIN","2","PLATFORM_ROLE_ASSIGNABLE_WITH_GRANT_AUTHORITY","NOT_DEFAULT_REVIEW_IF_HIGH_IMPACT","PROTECTED_VERSIONED_PROPOSED","PENDING_MANUAL_CONFIRMATION"
"platform.inventory.pdf","platform","INVENTORY","SENSITIVE_REVIEW","ADMIN","1","PLATFORM_ROLE_ASSIGNABLE_WITH_GRANT_AUTHORITY","REQUIRED_OR_DOCUMENT_EXCEPTION","PROTECTED_VERSIONED_PROPOSED","PENDING_MANUAL_CONFIRMATION"
"platform.inventory.read","platform","INVENTORY","READ","ADMIN","4","PLATFORM_ROLE_ASSIGNABLE_WITH_GRANT_AUTHORITY","NOT_DEFAULT_REVIEW_IF_HIGH_IMPACT","PROTECTED_VERSIONED_PROPOSED","PENDING_MANUAL_CONFIRMATION"
"platform.order.payment.manage","platform","ORDER_PAYMENT","MANAGE","ADMIN","3","PLATFORM_ROLE_ASSIGNABLE_WITH_GRANT_AUTHORITY","NOT_DEFAULT_REVIEW_IF_HIGH_IMPACT","PROTECTED_VERSIONED_PROPOSED","PENDING_MANUAL_CONFIRMATION"
"platform.order.payment.method-review","platform","ORDER_PAYMENT","HTTP_METHOD_REVIEW","ADMIN","3","PLATFORM_ROLE_ASSIGNABLE_WITH_GRANT_AUTHORITY","NOT_DEFAULT_REVIEW_IF_HIGH_IMPACT","PROTECTED_VERSIONED_PROPOSED","PENDING_MANUAL_CONFIRMATION"
"platform.order.payment.pdf","platform","ORDER_PAYMENT","SENSITIVE_REVIEW","ADMIN","1","PLATFORM_ROLE_ASSIGNABLE_WITH_GRANT_AUTHORITY","REQUIRED_OR_DOCUMENT_EXCEPTION","PROTECTED_VERSIONED_PROPOSED","PENDING_MANUAL_CONFIRMATION"
"platform.order.payment.read","platform","ORDER_PAYMENT","READ","ADMIN","5","PLATFORM_ROLE_ASSIGNABLE_WITH_GRANT_AUTHORITY","NOT_DEFAULT_REVIEW_IF_HIGH_IMPACT","PROTECTED_VERSIONED_PROPOSED","PENDING_MANUAL_CONFIRMATION"
"platform.order.payment.refund","platform","ORDER_PAYMENT","SENSITIVE_REVIEW","ADMIN","10","PLATFORM_ROLE_ASSIGNABLE_WITH_GRANT_AUTHORITY","REQUIRED_OR_DOCUMENT_EXCEPTION","PROTECTED_VERSIONED_PROPOSED","PENDING_MANUAL_CONFIRMATION"
"platform.promotion.rewards.approve","platform","PROMOTION_REWARDS","SENSITIVE_REVIEW","ADMIN|ADMIN_LEGACY_ROUTE_REVIEW","2","PLATFORM_ROLE_ASSIGNABLE_WITH_GRANT_AUTHORITY","REQUIRED_OR_DOCUMENT_EXCEPTION","PROTECTED_VERSIONED_PROPOSED","PENDING_MANUAL_CONFIRMATION"
"platform.promotion.rewards.delete","platform","PROMOTION_REWARDS","SENSITIVE_REVIEW","ADMIN_LEGACY_ROUTE_REVIEW","6","PLATFORM_ROLE_ASSIGNABLE_WITH_GRANT_AUTHORITY","REQUIRED_OR_DOCUMENT_EXCEPTION","PROTECTED_VERSIONED_PROPOSED","PENDING_MANUAL_CONFIRMATION"
"platform.promotion.rewards.manage","platform","PROMOTION_REWARDS","MANAGE","ADMIN|ADMIN_LEGACY_ROUTE_REVIEW","10","PLATFORM_ROLE_ASSIGNABLE_WITH_GRANT_AUTHORITY","NOT_DEFAULT_REVIEW_IF_HIGH_IMPACT","PROTECTED_VERSIONED_PROPOSED","PENDING_MANUAL_CONFIRMATION"
"platform.promotion.rewards.method-review","platform","PROMOTION_REWARDS","HTTP_METHOD_REVIEW","ADMIN_LEGACY_ROUTE_REVIEW","4","PLATFORM_ROLE_ASSIGNABLE_WITH_GRANT_AUTHORITY","NOT_DEFAULT_REVIEW_IF_HIGH_IMPACT","PROTECTED_VERSIONED_PROPOSED","PENDING_MANUAL_CONFIRMATION"
"platform.promotion.rewards.read","platform","PROMOTION_REWARDS","READ","ADMIN|ADMIN_LEGACY_ROUTE_REVIEW","34","PLATFORM_ROLE_ASSIGNABLE_WITH_GRANT_AUTHORITY","NOT_DEFAULT_REVIEW_IF_HIGH_IMPACT","PROTECTED_VERSIONED_PROPOSED","PENDING_MANUAL_CONFIRMATION"
"platform.promotion.rewards.reject","platform","PROMOTION_REWARDS","SENSITIVE_REVIEW","ADMIN|ADMIN_LEGACY_ROUTE_REVIEW","2","PLATFORM_ROLE_ASSIGNABLE_WITH_GRANT_AUTHORITY","REQUIRED_OR_DOCUMENT_EXCEPTION","PROTECTED_VERSIONED_PROPOSED","PENDING_MANUAL_CONFIRMATION"
"platform.promotion.rewards.verify","platform","PROMOTION_REWARDS","SENSITIVE_REVIEW","ADMIN_LEGACY_ROUTE_REVIEW","1","PLATFORM_ROLE_ASSIGNABLE_WITH_GRANT_AUTHORITY","REQUIRED_OR_DOCUMENT_EXCEPTION","PROTECTED_VERSIONED_PROPOSED","PENDING_MANUAL_CONFIRMATION"
"platform.review.rating.delete","platform","REVIEW_RATING","SENSITIVE_REVIEW","ADMIN|ADMIN_LEGACY_ROUTE_REVIEW","2","PLATFORM_ROLE_ASSIGNABLE_WITH_GRANT_AUTHORITY","REQUIRED_OR_DOCUMENT_EXCEPTION","PROTECTED_VERSIONED_PROPOSED","PENDING_MANUAL_CONFIRMATION"
"platform.review.rating.manage","platform","REVIEW_RATING","MANAGE","ADMIN|ADMIN_LEGACY_ROUTE_REVIEW","2","PLATFORM_ROLE_ASSIGNABLE_WITH_GRANT_AUTHORITY","NOT_DEFAULT_REVIEW_IF_HIGH_IMPACT","PROTECTED_VERSIONED_PROPOSED","PENDING_MANUAL_CONFIRMATION"
"platform.review.rating.read","platform","REVIEW_RATING","READ","ADMIN|ADMIN_LEGACY_ROUTE_REVIEW","6","PLATFORM_ROLE_ASSIGNABLE_WITH_GRANT_AUTHORITY","NOT_DEFAULT_REVIEW_IF_HIGH_IMPACT","PROTECTED_VERSIONED_PROPOSED","PENDING_MANUAL_CONFIRMATION"
"platform.shipping.delete","platform","SHIPPING","SENSITIVE_REVIEW","ADMIN|ADMIN_LEGACY_ROUTE_REVIEW","12","PLATFORM_ROLE_ASSIGNABLE_WITH_GRANT_AUTHORITY","REQUIRED_OR_DOCUMENT_EXCEPTION","PROTECTED_VERSIONED_PROPOSED","PENDING_MANUAL_CONFIRMATION"
"platform.shipping.generate","platform","SHIPPING","SENSITIVE_REVIEW","ADMIN","1","PLATFORM_ROLE_ASSIGNABLE_WITH_GRANT_AUTHORITY","REQUIRED_OR_DOCUMENT_EXCEPTION","PROTECTED_VERSIONED_PROPOSED","PENDING_MANUAL_CONFIRMATION"
"platform.shipping.manage","platform","SHIPPING","MANAGE","ADMIN|ADMIN_LEGACY_ROUTE_REVIEW","13","PLATFORM_ROLE_ASSIGNABLE_WITH_GRANT_AUTHORITY","NOT_DEFAULT_REVIEW_IF_HIGH_IMPACT","PROTECTED_VERSIONED_PROPOSED","PENDING_MANUAL_CONFIRMATION"
"platform.shipping.read","platform","SHIPPING","READ","ADMIN|ADMIN_LEGACY_ROUTE_REVIEW","34","PLATFORM_ROLE_ASSIGNABLE_WITH_GRANT_AUTHORITY","NOT_DEFAULT_REVIEW_IF_HIGH_IMPACT","PROTECTED_VERSIONED_PROPOSED","PENDING_MANUAL_CONFIRMATION"
"platform.vendor.management.delete","platform","VENDOR_MANAGEMENT","SENSITIVE_REVIEW","ADMIN","4","PLATFORM_ROLE_ASSIGNABLE_WITH_GRANT_AUTHORITY","REQUIRED_OR_DOCUMENT_EXCEPTION","PROTECTED_VERSIONED_PROPOSED","PENDING_MANUAL_CONFIRMATION"
"platform.vendor.management.manage","platform","VENDOR_MANAGEMENT","MANAGE","ADMIN","5","PLATFORM_ROLE_ASSIGNABLE_WITH_GRANT_AUTHORITY","NOT_DEFAULT_REVIEW_IF_HIGH_IMPACT","PROTECTED_VERSIONED_PROPOSED","PENDING_MANUAL_CONFIRMATION"
"platform.vendor.management.payout","platform","VENDOR_MANAGEMENT","SENSITIVE_REVIEW","ADMIN","1","PLATFORM_ROLE_ASSIGNABLE_WITH_GRANT_AUTHORITY","REQUIRED_OR_DOCUMENT_EXCEPTION","PROTECTED_VERSIONED_PROPOSED","PENDING_MANUAL_CONFIRMATION"
"platform.vendor.management.privilege","platform","VENDOR_MANAGEMENT","SENSITIVE_REVIEW","ADMIN","3","PLATFORM_ROLE_ASSIGNABLE_WITH_GRANT_AUTHORITY","REQUIRED_OR_DOCUMENT_EXCEPTION","PROTECTED_VERSIONED_PROPOSED","PENDING_MANUAL_CONFIRMATION"
"platform.vendor.management.read","platform","VENDOR_MANAGEMENT","READ","ADMIN","15","PLATFORM_ROLE_ASSIGNABLE_WITH_GRANT_AUTHORITY","NOT_DEFAULT_REVIEW_IF_HIGH_IMPACT","PROTECTED_VERSIONED_PROPOSED","PENDING_MANUAL_CONFIRMATION"
"public.blog.manage","public","BLOG","MANAGE","PUBLIC_EXPLICIT","2","PROTECTED_NON_ASSIGNABLE_PUBLIC_POLICY","NOT_DEFAULT_REVIEW_IF_HIGH_IMPACT","PROTECTED_VERSIONED_PROPOSED","PENDING_MANUAL_CONFIRMATION"
"public.blog.method-review","public","BLOG","HTTP_METHOD_REVIEW","PUBLIC_EXPLICIT","2","PROTECTED_NON_ASSIGNABLE_PUBLIC_POLICY","NOT_DEFAULT_REVIEW_IF_HIGH_IMPACT","PROTECTED_VERSIONED_PROPOSED","PENDING_MANUAL_CONFIRMATION"
"public.blog.read","public","BLOG","READ","PUBLIC_EXPLICIT","5","PROTECTED_NON_ASSIGNABLE_PUBLIC_POLICY","NOT_DEFAULT_REVIEW_IF_HIGH_IMPACT","PROTECTED_VERSIONED_PROPOSED","PENDING_MANUAL_CONFIRMATION"
"public.cart.checkout.manage","public","CART_CHECKOUT","MANAGE","PUBLIC_EXPLICIT","13","PROTECTED_NON_ASSIGNABLE_PUBLIC_POLICY","NOT_DEFAULT_REVIEW_IF_HIGH_IMPACT","PROTECTED_VERSIONED_PROPOSED","PENDING_MANUAL_CONFIRMATION"
"public.cart.checkout.method-review","public","CART_CHECKOUT","HTTP_METHOD_REVIEW","PUBLIC_EXPLICIT","5","PROTECTED_NON_ASSIGNABLE_PUBLIC_POLICY","NOT_DEFAULT_REVIEW_IF_HIGH_IMPACT","PROTECTED_VERSIONED_PROPOSED","PENDING_MANUAL_CONFIRMATION"
"public.cart.checkout.read","public","CART_CHECKOUT","READ","PUBLIC_EXPLICIT","4","PROTECTED_NON_ASSIGNABLE_PUBLIC_POLICY","NOT_DEFAULT_REVIEW_IF_HIGH_IMPACT","PROTECTED_VERSIONED_PROPOSED","PENDING_MANUAL_CONFIRMATION"
"public.cart.checkout.remove","public","CART_CHECKOUT","SENSITIVE_REVIEW","PUBLIC_EXPLICIT","1","PROTECTED_NON_ASSIGNABLE_PUBLIC_POLICY","REQUIRED_OR_DOCUMENT_EXCEPTION","PROTECTED_VERSIONED_PROPOSED","PENDING_MANUAL_CONFIRMATION"
"public.cart.checkout.verify","public","CART_CHECKOUT","SENSITIVE_REVIEW","PUBLIC_EXPLICIT","1","PROTECTED_NON_ASSIGNABLE_PUBLIC_POLICY","REQUIRED_OR_DOCUMENT_EXCEPTION","PROTECTED_VERSIONED_PROPOSED","PENDING_MANUAL_CONFIRMATION"
"public.catalog.method-review","public","CATALOG","HTTP_METHOD_REVIEW","PUBLIC_EXPLICIT","3","PROTECTED_NON_ASSIGNABLE_PUBLIC_POLICY","NOT_DEFAULT_REVIEW_IF_HIGH_IMPACT","PROTECTED_VERSIONED_PROPOSED","PENDING_MANUAL_CONFIRMATION"
"public.communication.read","public","COMMUNICATION","READ","PUBLIC_EXPLICIT","1","PROTECTED_NON_ASSIGNABLE_PUBLIC_POLICY","NOT_DEFAULT_REVIEW_IF_HIGH_IMPACT","PROTECTED_VERSIONED_PROPOSED","PENDING_MANUAL_CONFIRMATION"
"public.customer.account.manage","public","CUSTOMER_ACCOUNT","MANAGE","PUBLIC_EXPLICIT","1","PROTECTED_NON_ASSIGNABLE_PUBLIC_POLICY","NOT_DEFAULT_REVIEW_IF_HIGH_IMPACT","PROTECTED_VERSIONED_PROPOSED","PENDING_MANUAL_CONFIRMATION"
"public.customer.account.read","public","CUSTOMER_ACCOUNT","READ","PUBLIC_EXPLICIT","1","PROTECTED_NON_ASSIGNABLE_PUBLIC_POLICY","NOT_DEFAULT_REVIEW_IF_HIGH_IMPACT","PROTECTED_VERSIONED_PROPOSED","PENDING_MANUAL_CONFIRMATION"
"public.general.method-review","public","GENERAL","HTTP_METHOD_REVIEW","PUBLIC_EXPLICIT","13","PROTECTED_NON_ASSIGNABLE_PUBLIC_POLICY","NOT_DEFAULT_REVIEW_IF_HIGH_IMPACT","PROTECTED_VERSIONED_PROPOSED","PENDING_MANUAL_CONFIRMATION"
"public.general.read","public","GENERAL","READ","PUBLIC_EXPLICIT","1","PROTECTED_NON_ASSIGNABLE_PUBLIC_POLICY","NOT_DEFAULT_REVIEW_IF_HIGH_IMPACT","PROTECTED_VERSIONED_PROPOSED","PENDING_MANUAL_CONFIRMATION"
"public.identity.access.manage","public","IDENTITY_ACCESS","MANAGE","PUBLIC_EXPLICIT","3","PROTECTED_NON_ASSIGNABLE_PUBLIC_POLICY","NOT_DEFAULT_REVIEW_IF_HIGH_IMPACT","PROTECTED_VERSIONED_PROPOSED","PENDING_MANUAL_CONFIRMATION"
"public.identity.access.method-review","public","IDENTITY_ACCESS","HTTP_METHOD_REVIEW","PUBLIC_EXPLICIT","2","PROTECTED_NON_ASSIGNABLE_PUBLIC_POLICY","NOT_DEFAULT_REVIEW_IF_HIGH_IMPACT","PROTECTED_VERSIONED_PROPOSED","PENDING_MANUAL_CONFIRMATION"
"public.identity.access.password","public","IDENTITY_ACCESS","SENSITIVE_REVIEW","PUBLIC_EXPLICIT","5","PROTECTED_NON_ASSIGNABLE_PUBLIC_POLICY","REQUIRED_OR_DOCUMENT_EXCEPTION","PROTECTED_VERSIONED_PROPOSED","PENDING_MANUAL_CONFIRMATION"
"public.identity.access.read","public","IDENTITY_ACCESS","READ","PUBLIC_EXPLICIT","1","PROTECTED_NON_ASSIGNABLE_PUBLIC_POLICY","NOT_DEFAULT_REVIEW_IF_HIGH_IMPACT","PROTECTED_VERSIONED_PROPOSED","PENDING_MANUAL_CONFIRMATION"
"public.order.payment.manage","public","ORDER_PAYMENT","MANAGE","PUBLIC_EXPLICIT","2","PROTECTED_NON_ASSIGNABLE_PUBLIC_POLICY","NOT_DEFAULT_REVIEW_IF_HIGH_IMPACT","PROTECTED_VERSIONED_PROPOSED","PENDING_MANUAL_CONFIRMATION"
"public.order.payment.method-review","public","ORDER_PAYMENT","HTTP_METHOD_REVIEW","PUBLIC_EXPLICIT","2","PROTECTED_NON_ASSIGNABLE_PUBLIC_POLICY","NOT_DEFAULT_REVIEW_IF_HIGH_IMPACT","PROTECTED_VERSIONED_PROPOSED","PENDING_MANUAL_CONFIRMATION"
"public.order.payment.read","public","ORDER_PAYMENT","READ","PUBLIC_EXPLICIT","2","PROTECTED_NON_ASSIGNABLE_PUBLIC_POLICY","NOT_DEFAULT_REVIEW_IF_HIGH_IMPACT","PROTECTED_VERSIONED_PROPOSED","PENDING_MANUAL_CONFIRMATION"
"public.order.payment.refund","public","ORDER_PAYMENT","SENSITIVE_REVIEW","PUBLIC_EXPLICIT","2","PROTECTED_NON_ASSIGNABLE_PUBLIC_POLICY","REQUIRED_OR_DOCUMENT_EXCEPTION","PROTECTED_VERSIONED_PROPOSED","PENDING_MANUAL_CONFIRMATION"
"public.review.general.read","public","GENERAL","READ","PUBLIC_REVIEW_REQUIRED","1","PROTECTED_NON_ASSIGNABLE_PUBLIC_POLICY","NOT_DEFAULT_REVIEW_IF_HIGH_IMPACT","PROTECTED_VERSIONED_PROPOSED","PENDING_MANUAL_CONFIRMATION"
"public.review.marketing.seo.read","public","MARKETING_SEO","READ","PUBLIC_REVIEW_REQUIRED","3","PROTECTED_NON_ASSIGNABLE_PUBLIC_POLICY","NOT_DEFAULT_REVIEW_IF_HIGH_IMPACT","PROTECTED_VERSIONED_PROPOSED","PENDING_MANUAL_CONFIRMATION"
"public.shipping.manage","public","SHIPPING","MANAGE","PUBLIC_EXPLICIT","2","PROTECTED_NON_ASSIGNABLE_PUBLIC_POLICY","NOT_DEFAULT_REVIEW_IF_HIGH_IMPACT","PROTECTED_VERSIONED_PROPOSED","PENDING_MANUAL_CONFIRMATION"
"public.shipping.method-review","public","SHIPPING","HTTP_METHOD_REVIEW","PUBLIC_EXPLICIT","1","PROTECTED_NON_ASSIGNABLE_PUBLIC_POLICY","NOT_DEFAULT_REVIEW_IF_HIGH_IMPACT","PROTECTED_VERSIONED_PROPOSED","PENDING_MANUAL_CONFIRMATION"
"public.shipping.read","public","SHIPPING","READ","PUBLIC_EXPLICIT","2","PROTECTED_NON_ASSIGNABLE_PUBLIC_POLICY","NOT_DEFAULT_REVIEW_IF_HIGH_IMPACT","PROTECTED_VERSIONED_PROPOSED","PENDING_MANUAL_CONFIRMATION"
"vendor.catalog.delete","vendor","CATALOG","SENSITIVE_REVIEW","VENDOR","4","VENDOR_ROLE_ASSIGNABLE_WITH_GRANT_CEILING","REQUIRED_OR_DOCUMENT_EXCEPTION","PROTECTED_VERSIONED_PROPOSED","PENDING_MANUAL_CONFIRMATION"
"vendor.catalog.manage","vendor","CATALOG","MANAGE","VENDOR","4","VENDOR_ROLE_ASSIGNABLE_WITH_GRANT_CEILING","NOT_DEFAULT_REVIEW_IF_HIGH_IMPACT","PROTECTED_VERSIONED_PROPOSED","PENDING_MANUAL_CONFIRMATION"
"vendor.catalog.method-review","vendor","CATALOG","HTTP_METHOD_REVIEW","VENDOR","8","VENDOR_ROLE_ASSIGNABLE_WITH_GRANT_CEILING","NOT_DEFAULT_REVIEW_IF_HIGH_IMPACT","PROTECTED_VERSIONED_PROPOSED","PENDING_MANUAL_CONFIRMATION"
"vendor.catalog.read","vendor","CATALOG","READ","VENDOR","4","VENDOR_ROLE_ASSIGNABLE_WITH_GRANT_CEILING","NOT_DEFAULT_REVIEW_IF_HIGH_IMPACT","PROTECTED_VERSIONED_PROPOSED","PENDING_MANUAL_CONFIRMATION"
"vendor.communication.manage","vendor","COMMUNICATION","MANAGE","VENDOR","1","VENDOR_ROLE_ASSIGNABLE_WITH_GRANT_CEILING","NOT_DEFAULT_REVIEW_IF_HIGH_IMPACT","PROTECTED_VERSIONED_PROPOSED","PENDING_MANUAL_CONFIRMATION"
"vendor.communication.read","vendor","COMMUNICATION","READ","VENDOR","5","VENDOR_ROLE_ASSIGNABLE_WITH_GRANT_CEILING","NOT_DEFAULT_REVIEW_IF_HIGH_IMPACT","PROTECTED_VERSIONED_PROPOSED","PENDING_MANUAL_CONFIRMATION"
"vendor.inventory.manage","vendor","INVENTORY","MANAGE","VENDOR","2","VENDOR_ROLE_ASSIGNABLE_WITH_GRANT_CEILING","NOT_DEFAULT_REVIEW_IF_HIGH_IMPACT","PROTECTED_VERSIONED_PROPOSED","PENDING_MANUAL_CONFIRMATION"
"vendor.inventory.read","vendor","INVENTORY","READ","VENDOR","4","VENDOR_ROLE_ASSIGNABLE_WITH_GRANT_CEILING","NOT_DEFAULT_REVIEW_IF_HIGH_IMPACT","PROTECTED_VERSIONED_PROPOSED","PENDING_MANUAL_CONFIRMATION"
"vendor.management.delete","vendor","VENDOR_MANAGEMENT","SENSITIVE_REVIEW","VENDOR","4","VENDOR_ROLE_ASSIGNABLE_WITH_GRANT_CEILING","REQUIRED_OR_DOCUMENT_EXCEPTION","PROTECTED_VERSIONED_PROPOSED","PENDING_MANUAL_CONFIRMATION"
"vendor.management.manage","vendor","VENDOR_MANAGEMENT","MANAGE","VENDOR","6","VENDOR_ROLE_ASSIGNABLE_WITH_GRANT_CEILING","NOT_DEFAULT_REVIEW_IF_HIGH_IMPACT","PROTECTED_VERSIONED_PROPOSED","PENDING_MANUAL_CONFIRMATION"
"vendor.management.method-review","vendor","VENDOR_MANAGEMENT","HTTP_METHOD_REVIEW","VENDOR","21","VENDOR_ROLE_ASSIGNABLE_WITH_GRANT_CEILING","NOT_DEFAULT_REVIEW_IF_HIGH_IMPACT","PROTECTED_VERSIONED_PROPOSED","PENDING_MANUAL_CONFIRMATION"
"vendor.management.payout","vendor","VENDOR_MANAGEMENT","SENSITIVE_REVIEW","VENDOR","2","VENDOR_ROLE_ASSIGNABLE_WITH_GRANT_CEILING","REQUIRED_OR_DOCUMENT_EXCEPTION","PROTECTED_VERSIONED_PROPOSED","PENDING_MANUAL_CONFIRMATION"
"vendor.management.read","vendor","VENDOR_MANAGEMENT","READ","VENDOR","15","VENDOR_ROLE_ASSIGNABLE_WITH_GRANT_CEILING","NOT_DEFAULT_REVIEW_IF_HIGH_IMPACT","PROTECTED_VERSIONED_PROPOSED","PENDING_MANUAL_CONFIRMATION"
"vendor.management.verify","vendor","VENDOR_MANAGEMENT","SENSITIVE_REVIEW","VENDOR","3","VENDOR_ROLE_ASSIGNABLE_WITH_GRANT_CEILING","REQUIRED_OR_DOCUMENT_EXCEPTION","PROTECTED_VERSIONED_PROPOSED","PENDING_MANUAL_CONFIRMATION"
"vendor.order.payment.manage","vendor","ORDER_PAYMENT","MANAGE","VENDOR","3","VENDOR_ROLE_ASSIGNABLE_WITH_GRANT_CEILING","NOT_DEFAULT_REVIEW_IF_HIGH_IMPACT","PROTECTED_VERSIONED_PROPOSED","PENDING_MANUAL_CONFIRMATION"
"vendor.order.payment.method-review","vendor","ORDER_PAYMENT","HTTP_METHOD_REVIEW","VENDOR","4","VENDOR_ROLE_ASSIGNABLE_WITH_GRANT_CEILING","NOT_DEFAULT_REVIEW_IF_HIGH_IMPACT","PROTECTED_VERSIONED_PROPOSED","PENDING_MANUAL_CONFIRMATION"
"vendor.order.payment.pdf","vendor","ORDER_PAYMENT","SENSITIVE_REVIEW","VENDOR","1","VENDOR_ROLE_ASSIGNABLE_WITH_GRANT_CEILING","REQUIRED_OR_DOCUMENT_EXCEPTION","PROTECTED_VERSIONED_PROPOSED","PENDING_MANUAL_CONFIRMATION"
"vendor.order.payment.read","vendor","ORDER_PAYMENT","READ","VENDOR","5","VENDOR_ROLE_ASSIGNABLE_WITH_GRANT_CEILING","NOT_DEFAULT_REVIEW_IF_HIGH_IMPACT","PROTECTED_VERSIONED_PROPOSED","PENDING_MANUAL_CONFIRMATION"
"vendor.order.payment.refund","vendor","ORDER_PAYMENT","SENSITIVE_REVIEW","VENDOR","1","VENDOR_ROLE_ASSIGNABLE_WITH_GRANT_CEILING","REQUIRED_OR_DOCUMENT_EXCEPTION","PROTECTED_VERSIONED_PROPOSED","PENDING_MANUAL_CONFIRMATION"
"vendor.shipping.delete","vendor","SHIPPING","SENSITIVE_REVIEW","VENDOR","2","VENDOR_ROLE_ASSIGNABLE_WITH_GRANT_CEILING","REQUIRED_OR_DOCUMENT_EXCEPTION","PROTECTED_VERSIONED_PROPOSED","PENDING_MANUAL_CONFIRMATION"
"vendor.shipping.generate","vendor","SHIPPING","SENSITIVE_REVIEW","VENDOR","3","VENDOR_ROLE_ASSIGNABLE_WITH_GRANT_CEILING","REQUIRED_OR_DOCUMENT_EXCEPTION","PROTECTED_VERSIONED_PROPOSED","PENDING_MANUAL_CONFIRMATION"
"vendor.shipping.manage","vendor","SHIPPING","MANAGE","VENDOR","4","VENDOR_ROLE_ASSIGNABLE_WITH_GRANT_CEILING","NOT_DEFAULT_REVIEW_IF_HIGH_IMPACT","PROTECTED_VERSIONED_PROPOSED","PENDING_MANUAL_CONFIRMATION"
"vendor.shipping.read","vendor","SHIPPING","READ","VENDOR","10","VENDOR_ROLE_ASSIGNABLE_WITH_GRANT_CEILING","NOT_DEFAULT_REVIEW_IF_HIGH_IMPACT","PROTECTED_VERSIONED_PROPOSED","PENDING_MANUAL_CONFIRMATION"
"webhook.order.payment.receive","webhook","ORDER_PAYMENT","MANAGE","WEBHOOK_CALLBACK","1","PROTECTED_NON_ASSIGNABLE_INGRESS_POLICY","NOT_DEFAULT_REVIEW_IF_HIGH_IMPACT","PROTECTED_VERSIONED_PROPOSED","PENDING_MANUAL_CONFIRMATION"
